ADSCrouchBaseMax,ADSCrouchBaseMin,ADSCrouchBaseSpreadDec,ADSCrouchBaseSpreadInc,ADSCrouchMoveMax,ADSCrouchMoveMin,ADSCrouchMoveSpreadDec,ADSCrouchMoveSpreadInc,ADSProneBaseMax,ADSProneBaseMin,ADSProneBaseSpreadDec,ADSProneBaseSpreadInc,ADSProneMoveMax,ADSProneMoveMin,ADSProneMoveSpreadDec,ADSProneMoveSpreadInc,ADSRecoilDec,ADSRecoilLeft,ADSRecoilRight,ADSRecoilUp,ADSStandBaseMax,ADSStandBaseMin,ADSStandBaseSpreadDec,ADSStandBaseSpreadInc,ADSStandMoveMax,ADSStandMoveMin,ADSStandMoveSpreadDec,ADSStandMoveSpreadInc,AltDeployTime,Ammo,BDrop,BRoF,BridgeDelay,Class,Damages0,Damages1,Damages2,Damages3,Damages4,Damages5,Damages6,Damages7,Damages8,Damages9,DeployTime,Dmg_distances0,Dmg_distances1,Dmg_distances2,Dmg_distances3,Dmg_distances4,Dmg_distances5,Dmg_distances6,Dmg_distances7,Dmg_distances8,Dmg_distances9,Drag,EDmg,FirstShotADSSpreadMul,FirstShotHIPSpreadMul,FirstShotRecoilMul,FirstSingleBulletTime,HIPCrouchBaseMax,HIPCrouchBaseMin,HIPCrouchBaseSpreadDec,HIPCrouchBaseSpreadInc,HIPCrouchMoveMax,HIPCrouchMoveMin,HIPCrouchMoveSpreadDec,HIPCrouchMoveSpreadInc,HIPProneBaseMax,HIPProneBaseMin,HIPProneBaseSpreadDec,HIPProneBaseSpreadInc,HIPProneMoveMax,HIPProneMoveMin,HIPProneMoveSpreadDec,HIPProneMoveSpreadInc,HIPRecoilDec,HIPRecoilLeft,HIPRecoilRight,HIPRecoilUp,HIPStandBaseMax,HIPStandBaseMin,HIPStandBaseSpreadDec,HIPStandBaseSpreadInc,HIPStandMoveMax,HIPStandMoveMin,HIPStandMoveSpreadDec,HIPStandMoveSpreadInc,HorDispersion,InitialSpeed,MagSize,NumBulletsReloaded,PostReloadDelay,ReloadDelay,ReloadEmpty,ReloadLeft,ReloadThrs,RoF,SDmg,ShotsPerBurst,ShotsPerShell,SingleBulletReloadTime,StripClipSize,StripReloadTime,TimeToLive,VerDispersion,WeapShowName
2.0,0.0,4.5,0.15,2.0,0.4,4.5,0.15,2.0,0.0,4.5,0.15,2.0,0.4,4.5,0.15,4.5,0.48,0.48,4.4,2.0,0.0,4.5,0.15,2.0,0.4,4.5,0.15,2.0,12g_Buckshot_A5_LowRecoil,12.0,257,0.0,2,7.7,3.85,3.85,3.85,3.85,3.85,3.85,3.85,3.85,3.85,0.65,12.0,19.0,19.0,19.0,19.0,19.0,19.0,19.0,19.0,19.0,0.007,3.85,1.0,1.0,1.0,-1.0,2.0,0.3,4.5,0.15,2.0,0.5,4.5,0.15,2.0,0.2,4.5,0.15,2.0,0.4,4.5,0.15,4.5,0.48,0.48,4.4,2.0,0.4,4.5,0.15,2.0,0.6,4.5,0.15,1.200006,333,5,1,0.3,0.5,N/A,N/A,N/A,257,7.7,3,12,-1.0,1,0.67,1.0,1.200006,12g Automatic Backbored
2.0,0.0,4.5,0.15,2.0,0.4,4.5,0.15,2.0,0.0,4.5,0.15,2.0,0.4,4.5,0.15,3.0,0.8,0.8,5.5,2.0,0.0,4.5,0.15,2.0,0.4,4.5,0.15,2.0,12g_Buckshot_A5,12.0,257,0.0,2,7.7,3.85,3.85,3.85,3.85,3.85,3.85,3.85,3.85,3.85,0.65,14.0,21.0,21.0,21.0,21.0,21.0,21.0,21.0,21.0,21.0,0.007,3.85,1.0,1.0,1.0,-1.0,2.0,0.3,4.5,0.15,2.0,0.5,4.5,0.15,2.0,0.2,4.5,0.15,2.0,0.4,4.5,0.15,3.0,0.8,0.8,5.5,2.0,0.4,4.5,0.15,2.0,0.6,4.5,0.15,1.8,333,7,1,0.3,0.5,N/A,N/A,N/A,257,7.7,3,12,-1.0,1,0.67,1.0,1.8,12g Automatic Extended
2.0,0.0,4.5,0.15,2.0,0.4,4.5,0.15,2.0,0.0,4.5,0.15,2.0,0.4,4.5,0.15,3.0,0.8,0.8,5.5,2.0,0.0,4.5,0.15,2.0,0.4,4.5,0.15,2.0,12g_Buckshot_A5,12.0,257,0.0,2,7.7,3.85,3.85,3.85,3.85,3.85,3.85,3.85,3.85,3.85,0.65,14.0,21.0,21.0,21.0,21.0,21.0,21.0,21.0,21.0,21.0,0.007,3.85,1.0,1.0,1.0,-1.0,2.0,0.3,4.5,0.15,2.0,0.5,4.5,0.15,2.0,0.2,4.5,0.15,2.0,0.4,4.5,0.15,3.0,0.8,0.8,5.5,2.0,0.4,4.5,0.15,2.0,0.6,4.5,0.15,1.200006,333,5,1,0.3,0.5,N/A,N/A,N/A,257,7.7,3,12,-1.0,1,0.67,1.0,1.200006,12g Automatic Hunter
1.2,0.4,4.5,0.15,1.2,0.4,4.5,0.15,1.2,0.4,4.5,0.15,1.2,0.4,4.5,0.15,5.0,0.4,0.4,1.0,1.2,0.4,4.5,0.15,1.2,0.4,4.5,0.15,2.0,32ACP_Pistol,12.0,449,N/A,8,26.5,26.05,25.0,20.84,20.0,17.37,16.67,14.89,14.29,13.5,0.5,6.0,9.0,10.0,15.0,16.0,21.0,22.0,27.0,28.0,31.33,0.0025,13.5,1.0,1.0,1.0,N/A,2.0,0.8,4.5,0.15,2.0,1.2,4.5,0.15,2.0,0.8,4.5,0.15,2.0,1.2,4.5,0.15,5.0,0.4,0.4,1.0,2.0,0.8,4.5,0.15,2.0,1.2,4.5,0.15,0.0,320,9,9,N/A,N/A,1.7,1.16,0.8,449,26.5,3,1,N/A,N/A,N/A,1.5,0.0,1903 Hammerless
1.2,0.4,2.7,0.045,1.2,0.5,2.7,0.045,1.2,0.4,2.7,0.045,1.2,0.5,2.7,0.045,8.0,0.45,0.45,0.55,1.2,0.4,2.7,0.045,1.2,0.5,2.7,0.045,2.0,45cal_SMG,12.0,830,N/A,2,30.0,25.0,20.84,20.0,17.37,16.67,15.0,15.0,15.0,15.0,0.65,11.0,12.0,21.0,22.0,29.0,30.0,37.0,37.0,37.0,37.0,0.0025,15.0,6.0,1.0000000199999999,3.0,N/A,2.0,0.667,2.7,0.045,2.0,0.667,2.7,0.045,2.0,0.667,2.7,0.045,2.0,0.667,2.7,0.045,8.0,0.45,0.45,0.55,2.0,0.667,2.7,0.045,2.5,1.0005000000000002,2.7,0.045,0.0,380,20,20,N/A,N/A,3.633,2.933,0.7,830,30.0,3,1,N/A,N/A,N/A,1.5,0.0,Annihilator Trench
1.2,0.4,9.0,0.3,1.2,0.5,9.0,0.3,1.2,0.4,9.0,0.3,1.2,0.5,9.0,0.3,5.0,1.0,1.0,4.0,1.2,0.4,9.0,0.3,1.2,0.5,9.0,0.3,2.0,455WebleyMkII,12.0,224,N/A,8,53.0,52.09,50.0,34.73,33.34,26.05,25.0,20.84,20.0,17.37,0.6,6.0,9.0,10.0,15.0,16.0,21.0,22.0,27.0,28.0,33.0,0.0025,15.0,1.0,1.0,1.0,N/A,2.0,0.8,9.0,0.3,2.0,1.2,9.0,0.3,2.0,0.8,9.0,0.3,2.0,1.2,9.0,0.3,5.0,1.0,1.0,4.0,2.0,0.8,9.0,0.3,2.0,1.2,9.0,0.3,0.0,230,6,6,N/A,N/A,3.17,3.17,0.75,224,53.0,3,1,N/A,N/A,N/A,1.5,0.0,Auto revolver
1.2,0.18,3.0,0.1,1.2,0.82,3.0,0.1,1.2,0.18,3.0,0.1,1.2,0.82,3.0,0.1,3.0,0.15,0.15,0.68,1.2,0.18,3.0,0.1,1.2,0.82,3.0,0.1,0.9,25Remington,12.0,359,N/A,1,38.0,34.73,33.34,26.042,25.0,21.0,21.0,21.0,21.0,21.0,0.7,16.0,21.0,22.0,37.0,38.0,45.0,45.0,45.0,45.0,45.0,0.0025,21.0,1.0,1.0,1.0,N/A,2.5,1.5,3.0,0.05,3.0,2.0,3.0,0.05,2.0,1.0,3.0,0.05,2.5,1.5,3.0,0.05,3.0,0.15,0.15,0.68,3.0,2.0,3.0,0.05,3.5,2.5,3.0,0.05,0.0,660,16,16,N/A,N/A,3.033,2.433,0.82,359,38.0,3,1,N/A,N/A,N/A,5.0,0.0,Autoloading 8 .25 Extended
1.2,0.18,6.0,0.1,1.2,0.82,6.0,0.1,1.2,0.18,6.0,0.1,1.2,0.82,6.0,0.1,5.25,0.15,0.15,0.85,1.2,0.18,6.0,0.1,1.2,0.82,6.0,0.1,0.9,35Remington,12.0,359,0.3,1,42.0,34.73,33.34,30.0,30.0,30.0,30.0,30.0,30.0,30.0,0.7,51.0,69.0,70.0,78.0,78.0,78.0,78.0,78.0,78.0,78.0,0.0025,30.0,1.0,1.0,1.0,0.8,2.5,1.5,6.0,0.1,3.0,2.0,6.0,0.1,2.0,1.0,6.0,0.1,2.5,1.5,6.0,0.1,5.25,0.15,0.15,0.85,3.0,2.0,6.0,0.1,3.5,2.5,6.0,0.1,0.0,660,5,5,0.8667,0.8,N/A,N/A,N/A,359,42.0,3,1,0.5,5,1.5666667,5.0,0.0,Autoloading 8 .35 Factory
1.2,0.12006,3.75,0.0625,1.2,0.82,3.0,0.0625,1.2,0.12006,3.75,0.0625,1.2,0.82,3.0,0.0625,3.0,0.15,0.15,0.85,1.2,0.12006,3.75,0.0625,1.2,0.82,3.0,0.0625,0.9,35Remington,12.0,359,0.3,1,42.0,34.73,33.34,30.0,30.0,30.0,30.0,30.0,30.0,30.0,0.7,51.0,69.0,70.0,78.0,78.0,78.0,78.0,78.0,78.0,78.0,0.0025,30.0,1.0,1.0,1.0,0.8,2.5,1.5,3.0,0.1,3.0,2.0,3.0,0.1,2.0,1.0,3.0,0.1,2.5,1.5,3.0,0.1,3.0,0.15,0.15,0.85,3.0,2.0,3.0,0.1,3.5,2.5,3.0,0.1,0.0,660,5,5,0.8667,0.8,N/A,N/A,N/A,359,42.0,3,1,0.5,5,1.5666667,5.0,0.0,Autoloading 8 .35 Marksman
1.2,0.3,4.050000000000001,0.045,1.2,0.5,4.050000000000001,0.045,1.2,0.3,4.050000000000001,0.045,1.2,0.5,4.050000000000001,0.045,16.0,0.4,0.4,0.42,1.2,0.3,4.050000000000001,0.045,1.2,0.5,4.050000000000001,0.045,2.0,9x19mm_Gilsenti,12.0,900,N/A,2,23.0,20.84,20.0,17.37,16.67,14.89,14.29,13.5,13.5,13.5,0.65,6.0,11.0,12.0,21.0,22.0,29.0,30.0,37.0,37.0,37.0,0.0025,13.5,6.0,6.0,1.999992,N/A,2.0,1.0,4.050000000000001,0.045,2.0,1.0,4.050000000000001,0.045,2.0,1.0,4.050000000000001,0.045,2.0,1.0,4.050000000000001,0.045,16.0,0.4,0.4,0.42,2.0,1.0,4.050000000000001,0.045,2.5,1.5,4.050000000000001,0.045,0.0,380,25,25,N/A,N/A,2.8,2.1,0.83,900,23.0,3,1,N/A,N/A,N/A,1.5,0.0,Automatico M1918 Factory
1.2,0.3,2.7,0.045,1.2,0.5,2.7,0.045,1.2,0.3,2.7,0.045,1.2,0.5,2.7,0.045,8.0,0.32000000000000006,0.32000000000000006,0.336,1.2,0.3,2.7,0.045,1.2,0.5,2.7,0.045,2.0,9x19mm_Gilsenti,12.0,900,N/A,2,23.0,20.84,20.0,17.37,16.67,14.89,14.29,13.5,13.5,13.5,0.65,6.0,11.0,12.0,21.0,22.0,29.0,30.0,37.0,37.0,37.0,0.0025,13.5,6.0,6.0,2.4,N/A,2.0,1.0,2.7,0.045,2.0,1.0,2.7,0.045,2.0,1.0,2.7,0.045,2.0,1.0,2.7,0.045,8.0,0.32000000000000006,0.32000000000000006,0.336,2.0,1.0,2.7,0.045,2.5,1.5,2.7,0.045,0.0,380,25,25,N/A,N/A,2.8,2.1,0.83,900,23.0,3,1,N/A,N/A,N/A,1.5,0.0,Automatico M1918 Storm
1.2,0.3,2.7,0.045,1.2,0.5,2.7,0.045,1.2,0.3,2.7,0.045,1.2,0.5,2.7,0.045,8.0,0.4,0.4,0.42,1.2,0.3,2.7,0.045,1.2,0.5,2.7,0.045,2.0,9x19mm_Gilsenti,12.0,900,N/A,2,23.0,20.84,20.0,17.37,16.67,14.89,14.29,13.5,13.5,13.5,0.65,6.0,11.0,12.0,21.0,22.0,29.0,30.0,37.0,37.0,37.0,0.0025,13.5,6.0,1.0000000199999999,2.4,N/A,2.0,0.667,2.7,0.045,2.0,0.667,2.7,0.045,2.0,0.667,2.7,0.045,2.0,0.667,2.7,0.045,8.0,0.4,0.4,0.42,2.0,0.667,2.7,0.045,2.5,1.0005000000000002,2.7,0.045,0.0,380,25,25,N/A,N/A,2.8,2.1,0.83,900,23.0,3,1,N/A,N/A,N/A,1.5,0.0,Automatico M1918 Trench
1.75,0.24,2.125,-0.085,2.5,0.56,2.125,-0.085,1.5,0.24,2.125,-0.085,2.25,0.56,2.125,-0.085,6.0,0.20800000000000002,0.20800000000000002,0.44000000000000006,2.0,0.24,2.125,-0.085,2.75,0.56,2.125,-0.085,2.0,30-06_Heavy,12.0,600,N/A,3,26.5,25.0,23.0,23.0,23.0,23.0,23.0,23.0,23.0,23.0,1.1,11.0,12.0,35.0,35.0,35.0,35.0,35.0,35.0,35.0,35.0,0.002,23.0,-5.0,-5.0,1.7,N/A,3.25,1.75,4.5,-0.18,3.75,2.5,4.5,-0.18,2.75,1.5,4.5,-0.18,3.25,2.25,4.5,-0.18,6.0,0.20800000000000002,0.20800000000000002,0.44000000000000006,3.75,2.0,4.5,-0.18,4.25,2.75,4.5,-0.18,0.0,820,20,20,N/A,N/A,3.2,2.8,0.79,600,26.5,3,1,N/A,N/A,N/A,1.5,0.0,BAR 1918 Storm
1.75,0.16008,2.5250000125,-0.10100000050000002,2.5,0.56,2.125,-0.085,1.5,0.16008,2.5250000125,-0.10100000050000002,2.25,0.56,2.125,-0.085,6.0,0.26,0.26,0.55,2.0,0.16008,2.5250000125,-0.10100000050000002,2.75,0.56,2.125,-0.085,2.0,30-06_Heavy,12.0,600,N/A,3,26.5,25.0,23.0,23.0,23.0,23.0,23.0,23.0,23.0,23.0,1.1,11.0,12.0,35.0,35.0,35.0,35.0,35.0,35.0,35.0,35.0,0.002,23.0,-5.0,-5.0,1.7,N/A,3.25,1.75,4.5,-0.18,3.75,2.5,4.5,-0.18,2.75,1.5,4.5,-0.18,3.25,2.25,4.5,-0.18,6.0,0.26,0.26,0.55,3.75,2.0,4.5,-0.18,4.25,2.75,4.5,-0.18,0.0,820,20,20,N/A,N/A,3.2,2.8,0.79,600,26.5,3,1,N/A,N/A,N/A,1.5,0.0,BAR 1918 Telescopic
1.75,0.24,2.125,-0.085,2.5,0.56,2.125,-0.085,1.5,0.24,2.125,-0.085,2.25,0.56,2.125,-0.085,6.0,0.26,0.26,0.55,2.0,0.24,2.125,-0.085,2.75,0.56,2.125,-0.085,2.0,30-06_Heavy,12.0,600,N/A,3,26.5,25.0,23.0,23.0,23.0,23.0,23.0,23.0,23.0,23.0,1.1,11.0,12.0,35.0,35.0,35.0,35.0,35.0,35.0,35.0,35.0,0.002,23.0,-5.0,-5.0,1.7,N/A,3.25,1.1672500000000001,4.5,-0.09,3.75,1.6675,4.5,-0.09,2.75,1.0005000000000002,4.5,-0.09,3.25,1.50075,4.5,-0.09,6.0,0.26,0.26,0.55,3.75,1.334,4.5,-0.09,4.25,1.8342500000000002,4.5,-0.09,0.0,820,20,20,N/A,N/A,3.2,2.8,0.79,600,26.5,3,1,N/A,N/A,N/A,1.5,0.0,BAR 1918 Trench
1.2,0.4,4.5,0.15,1.2,0.4,4.5,0.15,1.2,0.4,4.5,0.15,1.2,0.4,4.5,0.15,5.0,0.4,0.4,1.0,1.2,0.4,4.5,0.15,1.2,0.4,4.5,0.15,2.0,32ACP_Pistol,12.0,449,N/A,8,26.5,26.05,25.0,20.84,20.0,17.37,16.67,14.89,14.29,13.5,0.5,6.0,9.0,10.0,15.0,16.0,21.0,22.0,27.0,28.0,31.33,0.0025,13.5,1.0,1.0,1.0,N/A,2.0,0.8,4.5,0.15,2.0,1.2,4.5,0.15,2.0,0.8,4.5,0.15,2.0,1.2,4.5,0.15,5.0,0.4,0.4,1.0,2.0,0.8,4.5,0.15,2.0,1.2,4.5,0.15,0.0,320,9,9,N/A,N/A,2.0,1.5,0.8,449,26.5,3,1,N/A,N/A,N/A,1.5,0.0,Beretta M1915
1.2,0.27,9.0,0.3,1.2,0.5,9.0,0.3,1.2,0.27,9.0,0.3,1.2,0.5,9.0,0.3,5.0,1.0,1.0,5.0,1.2,0.27,9.0,0.3,1.2,0.5,9.0,0.3,2.0,1035_Ordinanza_Italiana,12.0,224,0.33334,8,53.0,52.09,50.0,34.73,33.34,26.05,25.0,20.84,20.0,17.5,0.55,10.0,15.0,16.0,21.0,22.0,27.0,28.0,33.0,34.0,38.5,0.0025,17.5,1.0,1.0,1.0,1.33334,2.0,0.8,9.0,0.3,2.0,1.2,9.0,0.3,2.0,0.8,9.0,0.3,2.0,1.2,9.0,0.3,5.0,1.0,1.0,5.0,2.0,0.8,9.0,0.3,2.0,1.2,9.0,0.3,0.0,255,6,7,1.0,0.667,N/A,N/A,N/A,224,53.0,3,1,1.0,7,3.0,1.5,0.0,Bodeo 1889
1.2,0.3,4.5,0.15,1.2,0.6,4.5,0.15,1.2,0.3,4.5,0.15,1.2,0.6,4.5,0.15,5.0,0.3,0.3,1.3,1.2,0.3,4.5,0.15,1.2,0.6,4.5,0.15,2.0,Borchardt765x25mm_Pistol,12.0,359,N/A,8,26.5,26.05,25.0,20.84,20.0,17.37,16.67,14.89,14.29,13.5,0.5,14.69,15.0,16.0,21.0,22.0,27.0,28.0,33.0,34.0,37.33,0.0025,13.5,1.0,1.0,1.0,N/A,2.0,0.8,4.5,0.15,2.0,1.2,4.5,0.15,2.0,0.8,4.5,0.15,2.0,1.2,4.5,0.15,5.0,0.3,0.3,1.3,2.0,0.8,4.5,0.15,2.0,1.2,4.5,0.15,0.0,390,9,9,N/A,N/A,2.05,1.35,0.8,359,26.5,3,1,N/A,N/A,N/A,1.5,0.0,Borchard C93
1.2,0.4,9.0,0.3,1.2,0.5,9.0,0.3,1.2,0.4,9.0,0.3,1.2,0.5,9.0,0.3,5.0,0.8,0.8,4.0,1.2,0.4,9.0,0.3,1.2,0.5,9.0,0.3,2.0,442Webley,12.0,257,0.2333,8,53.0,52.09,50.0,34.73,33.34,26.05,25.0,20.84,20.0,17.37,0.4,6.0,9.0,10.0,15.0,16.0,21.0,22.0,27.0,28.0,33.0,0.0025,13.5,1.0,1.0,1.0,1.4000000000000001,2.0,0.8,9.0,0.3,2.0,1.2,9.0,0.3,2.0,0.8,9.0,0.3,2.0,1.2,9.0,0.3,5.0,0.8,0.8,4.0,2.0,0.8,9.0,0.3,2.0,1.2,9.0,0.3,0.0,215,6,7,1.1,1.0,N/A,N/A,N/A,257,53.0,3,1,1.1667,7,6.0,1.5,0.0,Bulldog
1.2,0.27,5.0,0.15,1.2,0.53,5.0,0.15,1.2,0.27,5.0,0.15,1.2,0.53,5.0,0.15,4.0,0.12,0.12,0.35,1.2,0.27,5.0,0.15,1.2,0.53,5.0,0.15,2.0,Borchardt765x25mm_Pistol,12.0,359,N/A,5,26.5,26.05,25.0,20.84,20.0,17.37,16.67,14.89,14.29,13.5,0.55,14.69,15.0,16.0,21.0,22.0,27.0,28.0,33.0,34.0,37.33,0.0025,13.5,1.0,1.0,1.0,N/A,3.0,1.0,5.0,0.15,3.0,1.5,5.0,0.15,3.0,1.0,5.0,0.15,3.0,1.5,5.0,0.15,4.0,0.12,0.12,0.35,3.0,1.5,5.0,0.15,3.0,2.0,5.0,0.15,0.0,390,9,9,N/A,N/A,2.05,1.35,0.8,359,26.5,3,1,N/A,N/A,N/A,1.5,0.0,C93 Carbine
1.2,0.24,4.5,0.15,1.2,0.56,4.5,0.15,1.2,0.24,4.5,0.15,1.2,0.56,4.5,0.15,5.0,0.3,0.3,1.2,1.2,0.24,4.5,0.15,1.2,0.56,4.5,0.15,2.0,Mauser763x25mm_Carbine,12.0,299,0.1,5,28.0,26.05,25.0,20.84,20.0,17.37,16.67,15.0,15.0,15.0,0.7,17.46,21.0,22.0,27.0,28.0,33.0,34.0,38.76,38.76,38.76,0.0025,15.0,1.0,1.0,1.0,0.6,3.0,1.0,4.5,0.15,3.0,1.5,4.5,0.15,3.0,1.0,4.5,0.15,3.0,1.5,4.5,0.15,5.0,0.3,0.3,1.2,3.0,1.5,4.5,0.15,3.0,2.0,4.5,0.15,0.0,460,20,10,0.75,0.6,N/A,N/A,N/A,299,28.0,3,1,0.5,10,1.3666667,1.5,0.0,C96 Carbine
1.2,0.21,2.1,0.07,1.2,0.79,2.1,0.07,1.2,0.21,2.1,0.07,1.2,0.79,2.1,0.07,5.0,0.12,0.12,0.36,1.2,0.21,2.1,0.07,1.2,0.79,2.1,0.07,2.0,9x19mm_Semi,12.0,359,N/A,2,34.73,33.34,26.5,25.0,20.84,20.0,17.37,16.67,15.0,15.0,0.7,11.0,12.0,17.0,18.0,24.0,25.0,31.0,32.0,33.0,33.0,0.0025,15.0,1.0,1.0,1.0,N/A,2.0,0.667,2.1,0.07,2.0,0.667,2.1,0.07,2.0,0.667,2.1,0.07,2.0,0.667,2.1,0.07,5.0,0.12,0.12,0.36,2.0,0.667,2.1,0.07,2.5,1.0005000000000002,2.1,0.07,0.0,460,41,41,N/A,N/A,3.5,2.1,0.85,359,34.73,3,1,N/A,N/A,N/A,1.5,0.0,C96 Trench
2.0,0.0,10.05,0.0,3.0,1.0,10.05,0.0,2.0,0.0,10.05,0.0,3.0,1.0,10.05,0.0,3.0,1.0,1.0,2.0,2.0,0.0,10.05,0.0,3.0,1.0,10.05,0.0,0.0,Carcano65x52mm_Bolt,12.0,73,N/A,4,85.0,54.0,54.0,54.0,54.0,54.0,54.0,54.0,54.0,54.0,0.9,19.0,115.0,115.0,115.0,115.0,115.0,115.0,115.0,115.0,115.0,0.0025,54.0,1.0,1.0,1.0,N/A,3.0,1.334,10.05,1.0,4.5,2.3345000000000002,10.05,1.0,2.5,1.0005000000000002,10.05,1.0,4.0,2.0010000000000003,10.05,1.0,3.0,1.0,1.0,5.0,3.5,1.6675,10.05,1.0,5.0,2.668,10.05,1.0,0.0,700,6,N/A,N/A,N/A,N/A,N/A,N/A,73,85.0,3,1,N/A,6,N/A,3.0,0.0,Carcano M91
2.0,0.0,6.7,0.0,3.0,0.5,6.7,0.0,2.0,0.0,6.7,0.0,3.0,0.5,6.7,0.0,3.0,1.0,1.0,2.0,2.0,0.0,6.7,0.0,3.0,0.5,6.7,0.0,0.0,Carcano65x52mm_Bolt,12.0,73,N/A,4,85.0,54.0,54.0,54.0,54.0,54.0,54.0,54.0,54.0,54.0,0.9,19.0,115.0,115.0,115.0,115.0,115.0,115.0,115.0,115.0,115.0,0.0025,54.0,1.0,1.0,1.0,N/A,3.0,1.334,6.7,1.0,4.5,2.3345000000000002,6.7,1.0,2.5,1.0005000000000002,6.7,1.0,4.0,2.0010000000000003,6.7,1.0,3.0,1.0,1.0,5.0,3.5,1.6675,6.7,1.0,5.0,2.668,6.7,1.0,0.0,700,6,N/A,N/A,N/A,N/A,N/A,N/A,73,85.0,3,1,N/A,6,N/A,3.0,0.0,Carcano M91 Patrol Carbine
1.2,0.18,6.0,0.1,1.2,0.82,6.0,0.1,1.2,0.18,6.0,0.1,1.2,0.82,6.0,0.1,5.25,0.4,0.4,0.8,1.2,0.18,6.0,0.1,1.2,0.82,6.0,0.1,0.9,Carcano65x52mm_Semi,12.0,299,0.2,1,38.0,34.73,33.34,28.0,28.0,28.0,28.0,28.0,28.0,28.0,0.7,50.0,53.0,54.0,62.0,62.0,62.0,62.0,62.0,62.0,62.0,0.0025,28.0,1.0,1.0,1.0,0.7,2.5,1.5,6.0,0.1,3.0,2.0,6.0,0.1,2.0,1.0,6.0,0.1,2.5,1.5,6.0,0.1,5.25,0.4,0.4,0.8,3.0,2.0,6.0,0.1,3.5,2.5,6.0,0.1,0.0,700,10,5,0.6,1.1666666,N/A,N/A,N/A,299,38.0,3,1,0.5,5,1.5,3.0,0.0,Cei-Rigotti Factory
1.2,0.135,3.75,0.0625,1.2,0.615,3.0,0.0625,1.2,0.135,3.75,0.0625,1.2,0.615,3.0,0.0625,3.0,0.4,0.4,0.8,1.2,0.135,3.75,0.0625,1.2,0.615,3.0,0.0625,0.9,Carcano65x52mm_Semi,12.0,299,0.2,1,38.0,34.73,33.34,28.0,28.0,28.0,28.0,28.0,28.0,28.0,0.7,50.0,53.0,54.0,62.0,62.0,62.0,62.0,62.0,62.0,62.0,0.0025,28.0,1.0,1.0,1.0,0.7,2.5,1.5,3.0,0.1,3.0,2.0,3.0,0.1,2.0,1.0,3.0,0.1,2.5,1.5,3.0,0.1,3.0,0.4,0.4,0.8,3.0,2.0,3.0,0.1,3.5,2.5,3.0,0.1,0.0,700,10,5,0.6,1.1666666,N/A,N/A,N/A,299,38.0,3,1,0.5,5,1.5,3.0,0.0,Cei-Rigotti Optical
1.2,0.18,3.0,0.1,1.2,0.82,3.0,0.1,1.2,0.18,3.0,0.1,1.2,0.82,3.0,0.1,3.0,0.4,0.4,0.8,1.2,0.18,3.0,0.1,1.2,0.82,3.0,0.1,0.9,Carcano65x52mm_Semi,12.0,299,0.2,1,38.0,34.73,33.34,28.0,28.0,28.0,28.0,28.0,28.0,28.0,0.7,50.0,53.0,54.0,62.0,62.0,62.0,62.0,62.0,62.0,62.0,0.0025,28.0,1.0,1.0,1.0,0.7,2.5,0.75,3.0,0.05,3.0,1.2,3.0,0.05,2.0,0.5,3.0,0.05,2.5,0.8999999999999999,3.0,0.05,3.0,0.4,0.4,0.8,3.0,1.0,3.0,0.05,3.5,1.5,3.0,0.05,0.0,700,10,5,0.6,1.1666666,N/A,N/A,N/A,299,38.0,3,1,0.5,5,1.5,3.0,0.0,Cei-Rigotti Trench
1.75,0.24,12.75,-0.10625000000000001,2.5,0.56,12.75,-0.10625000000000001,1.5,0.24,12.75,-0.10625000000000001,2.25,0.56,12.75,-0.10625000000000001,10.002,0.22,0.22,0.55,2.0,0.24,12.75,-0.10625000000000001,2.75,0.56,12.75,-0.10625000000000001,2.0,8mmLebel_Heavy,12.0,359,N/A,3,38.0,34.73,33.34,28.0,28.0,28.0,28.0,28.0,28.0,28.0,1.1,18.0,19.0,20.0,35.0,35.0,35.0,35.0,35.0,35.0,35.0,0.0025,28.0,-4.0,-4.0,1.2,N/A,3.25,1.75,27.0,-0.22499999999999998,3.75,2.5,27.0,-0.22499999999999998,2.75,1.5,27.0,-0.22499999999999998,3.25,2.25,27.0,-0.22499999999999998,10.002,0.22,0.22,0.55,3.75,2.0,27.0,-0.22499999999999998,4.25,2.75,27.0,-0.22499999999999998,0.0,720,20,20,N/A,N/A,3.55,2.9,0.83,359,38.0,3,1,N/A,N/A,N/A,1.5,0.0,Chauchat Low Weight
1.75,0.16008,5.050000025,-0.10100000050000002,2.5,0.56,4.25,-0.085,1.5,0.16008,5.050000025,-0.10100000050000002,2.25,0.56,4.25,-0.085,6.0,0.22,0.22,0.55,2.0,0.16008,5.050000025,-0.10100000050000002,2.75,0.56,4.25,-0.085,2.0,8mmLebel_Heavy,12.0,359,N/A,3,38.0,34.73,33.34,28.0,28.0,28.0,28.0,28.0,28.0,28.0,1.1,18.0,19.0,20.0,35.0,35.0,35.0,35.0,35.0,35.0,35.0,0.0025,28.0,-5.0,-5.0,1.2,N/A,3.25,1.75,9.0,-0.18,3.75,2.5,9.0,-0.18,2.75,1.5,9.0,-0.18,3.25,2.25,9.0,-0.18,6.0,0.22,0.22,0.55,3.75,2.0,9.0,-0.18,4.25,2.75,9.0,-0.18,0.0,720,20,20,N/A,N/A,3.55,2.9,0.83,359,38.0,3,1,N/A,N/A,N/A,1.5,0.0,Chauchat Telescopic
1.2,0.36,4.5,0.15,1.2,0.44,4.5,0.15,1.2,0.36,4.5,0.15,1.2,0.44,4.5,0.15,4.0,0.15,0.15,1.0,1.2,0.36,4.5,0.15,1.2,0.44,4.5,0.15,2.0,9x20mm_Browning_Long,12.0,359,N/A,5,30.0,26.05,25.0,20.84,20.0,17.37,16.67,14.89,14.29,13.5,0.55,12.29,15.0,16.0,21.0,22.0,27.0,28.0,33.0,34.0,37.33,0.0025,13.5,1.0,1.0,1.0,N/A,3.0,1.0,4.5,0.15,3.0,1.5,4.5,0.15,3.0,1.0,4.5,0.15,3.0,1.5,4.5,0.15,4.0,0.15,0.15,1.0,3.0,1.5,4.5,0.15,3.0,2.0,4.5,0.15,0.0,350,11,11,N/A,N/A,2.8,2.05,0.8,359,30.0,3,1,N/A,N/A,N/A,1.5,0.0,FN1903 Extended
1.2,0.11249999999999999,3.75,0.0625,1.2,0.7875000000000001,3.0,0.0625,1.2,0.11249999999999999,3.75,0.0625,1.2,0.7875000000000001,3.0,0.0625,3.0,0.3,0.3,0.9,1.2,0.11249999999999999,3.75,0.0625,1.2,0.7875000000000001,3.0,0.0625,0.9,British303_Semi,12.0,257,N/A,1,42.0,34.73,33.34,30.0,30.0,30.0,30.0,30.0,30.0,30.0,0.7,46.33,53.0,54.0,59.0,59.0,59.0,59.0,59.0,59.0,59.0,0.0025,30.0,1.0,1.0,1.0,N/A,3.0,2.0,3.0,0.1,3.5,2.5,3.0,0.1,2.5,1.5,3.0,0.1,3.0,2.0,3.0,0.1,3.0,0.3,0.3,0.9,3.5,2.5,3.0,0.1,4.0,3.0,3.0,0.1,0.0,740,20,20,N/A,N/A,3.2,3.0,0.75,257,42.0,3,1,N/A,N/A,N/A,5.0,0.0,Farquhar-Hill Optical
1.2,0.15,3.0,0.1,1.2,1.05,3.0,0.1,1.2,0.15,3.0,0.1,1.2,1.05,3.0,0.1,3.0,0.18,0.18,0.54,1.2,0.15,3.0,0.1,1.2,1.05,3.0,0.1,0.9,British303_Semi,12.0,257,N/A,1,42.0,34.73,33.34,30.0,30.0,30.0,30.0,30.0,30.0,30.0,0.7,46.33,53.0,54.0,59.0,59.0,59.0,59.0,59.0,59.0,59.0,0.0025,30.0,1.0,1.0,1.0,N/A,3.0,2.0,3.0,0.1,3.5,2.5,3.0,0.1,2.5,1.5,3.0,0.1,3.0,2.0,3.0,0.1,3.0,0.18,0.18,0.54,3.5,2.5,3.0,0.1,4.0,3.0,3.0,0.1,0.0,740,20,20,N/A,N/A,3.2,3.0,0.75,257,42.0,3,1,N/A,N/A,N/A,5.0,0.0,Farquhar-Hill Storm
1.2,0.135,3.75,0.0625,1.2,0.615,3.0,0.0625,1.2,0.135,3.75,0.0625,1.2,0.615,3.0,0.0625,4.0,0.2,0.2,0.45,1.2,0.135,3.75,0.0625,1.2,0.615,3.0,0.0625,0.9,65_Arisaka_Semi,12.0,449,N/A,1,28.0,26.042,25.0,20.84,20.0,19.0,19.0,19.0,19.0,19.0,0.7,28.0,29.0,30.0,37.0,38.0,40.0,40.0,40.0,40.0,40.0,0.002,19.0,1.0,1.0,1.0,N/A,2.5,1.5,3.0,0.1,3.0,2.0,3.0,0.1,2.0,1.0,3.0,0.1,2.5,1.5,3.0,0.1,4.0,0.2,0.2,0.45,3.0,2.0,3.0,0.1,3.5,2.5,3.0,0.1,0.0,570,26,26,N/A,N/A,3.8,2.7,0.75,449,28.0,3,1,N/A,N/A,N/A,5.0,0.0,Fedorov Avtomat Optical
1.2,0.18,3.0,0.1,1.2,0.82,3.0,0.1,1.2,0.18,3.0,0.1,1.2,0.82,3.0,0.1,4.0,0.2,0.2,0.45,1.2,0.18,3.0,0.1,1.2,0.82,3.0,0.1,0.9,65_Arisaka_Semi,12.0,449,N/A,1,28.0,26.042,25.0,20.84,20.0,19.0,19.0,19.0,19.0,19.0,0.7,28.0,29.0,30.0,37.0,38.0,40.0,40.0,40.0,40.0,40.0,0.002,19.0,1.0,1.0,1.0,N/A,2.5,0.75,3.0,0.05,3.0,1.2,3.0,0.05,2.0,0.5,3.0,0.05,2.5,0.8999999999999999,3.0,0.05,4.0,0.2,0.2,0.45,3.0,1.0,3.0,0.05,3.5,1.5,3.0,0.05,0.0,570,26,26,N/A,N/A,3.8,2.7,0.75,449,28.0,3,1,N/A,N/A,N/A,5.0,0.0,Fedorov Avtomat Trench
1.2,0.4,4.5,0.15,1.2,0.4,4.5,0.15,1.2,0.4,4.5,0.15,1.2,0.4,4.5,0.15,5.0,0.4,0.4,1.0,1.2,0.4,4.5,0.15,1.2,0.4,4.5,0.15,2.0,32ACP_Pistol,12.0,449,N/A,8,26.5,26.05,25.0,20.84,20.0,17.37,16.67,14.89,14.29,13.5,0.4,6.0,9.0,10.0,15.0,16.0,21.0,22.0,27.0,28.0,31.33,0.0025,13.5,1.0,1.0,1.0,N/A,2.0,0.8,4.5,0.15,2.0,1.2,4.5,0.15,2.0,0.8,4.5,0.15,2.0,1.2,4.5,0.15,5.0,0.4,0.4,1.0,2.0,0.8,4.5,0.15,2.0,1.2,4.5,0.15,0.0,320,8,8,N/A,N/A,2.0,1.25,0.8,449,26.5,3,1,N/A,N/A,N/A,1.5,0.0,Frommer Stop
1.2,0.36,2.7,0.045,1.2,0.44,2.7,0.045,1.2,0.36,2.7,0.045,1.2,0.44,2.7,0.045,12.0,0.6,0.6,0.5,1.2,0.36,2.7,0.045,1.2,0.44,2.7,0.045,2.0,32ACP_Auto,12.0,900,N/A,5,23.0,20.84,20.0,17.37,16.67,14.89,14.29,13.03,12.5,12.0,0.5,6.0,11.0,12.0,21.0,22.0,29.0,30.0,37.0,38.0,42.16,0.0025,12.0,3.0,3.0,2.0,N/A,2.0,0.8,2.7,0.045,2.5,1.2,2.7,0.045,2.0,0.8,2.7,0.045,2.5,1.2,2.7,0.045,12.0,0.6,0.6,0.5,2.0,0.8,2.7,0.045,2.5,1.2,2.7,0.045,0.0,350,16,16,N/A,N/A,2.1,1.25,0.78,900,23.0,3,1,N/A,N/A,N/A,1.5,0.0,Frommer Stop Auto
1.2,0.24,9.0,0.3,1.2,0.5,9.0,0.3,1.2,0.24,9.0,0.3,1.2,0.5,9.0,0.3,5.0,1.0,1.0,6.0,1.2,0.24,9.0,0.3,1.2,0.5,9.0,0.3,2.0,112x295_Montenegrin,12.0,179,0.0,8,53.0,52.09,50.0,34.73,33.34,26.05,25.0,21.0,21.0,21.0,0.65,14.0,21.0,22.0,27.0,28.0,33.0,34.0,38.11,38.11,38.11,0.0025,21.0,1.0,1.0,1.0,1.033,2.0,0.8,9.0,0.3,2.0,1.2,9.0,0.3,2.0,0.8,9.0,0.3,2.0,1.2,9.0,0.3,5.0,1.0,1.0,6.0,2.0,0.8,9.0,0.3,2.0,1.2,9.0,0.3,0.0,230,6,12,1.2,1.4,N/A,N/A,N/A,179,53.0,1,1,1.033,12,0.0,1.5,0.0,Gasser M1870
1.2,0.15,6.0,0.1,1.2,1.05,6.0,0.1,1.2,0.15,6.0,0.1,1.2,1.05,6.0,0.1,5.25,0.5,0.5,1.3,1.2,0.15,6.0,0.1,1.2,1.05,6.0,0.1,0.9,Mauser792x57mm_SemiHeavy,12.0,299,N/A,1,40.0,35.0,35.0,35.0,35.0,35.0,35.0,35.0,35.0,35.0,0.7,40.0,80.0,80.0,80.0,80.0,80.0,80.0,80.0,80.0,80.0,0.0025,35.0,1.0,1.0,1.0,N/A,3.0,2.0,6.0,0.1,3.5,2.5,6.0,0.1,2.5,1.5,6.0,0.1,3.0,2.0,6.0,0.1,5.25,0.5,0.5,1.3,3.5,2.5,6.0,0.1,4.0,3.0,6.0,0.1,0.0,800,6,N/A,N/A,N/A,N/A,N/A,N/A,299,40.0,3,1,N/A,6,N/A,3.0,0.0,General Liu Rifle Factory
1.2,0.15,3.0,0.1,1.2,1.05,3.0,0.1,1.2,0.15,3.0,0.1,1.2,1.05,3.0,0.1,3.0,0.3,0.3,0.78,1.2,0.15,3.0,0.1,1.2,1.05,3.0,0.1,0.9,Mauser792x57mm_SemiHeavy,12.0,299,N/A,1,40.0,35.0,35.0,35.0,35.0,35.0,35.0,35.0,35.0,35.0,0.7,40.0,80.0,80.0,80.0,80.0,80.0,80.0,80.0,80.0,80.0,0.0025,35.0,1.0,1.0,1.0,N/A,3.0,2.0,3.0,0.1,3.5,2.5,3.0,0.1,2.5,1.5,3.0,0.1,3.0,2.0,3.0,0.1,3.0,0.3,0.3,0.78,3.5,2.5,3.0,0.1,4.0,3.0,3.0,0.1,0.0,800,6,N/A,N/A,N/A,N/A,N/A,N/A,299,40.0,3,1,N/A,6,N/A,3.0,0.0,General Liu Rifle Storm
2.0,0.0,10.05,0.0,3.0,1.0,10.05,0.0,2.0,0.0,10.05,0.0,3.0,1.0,10.05,0.0,4.5,1.0,1.0,2.0,2.0,0.0,10.05,0.0,3.0,1.0,10.05,0.0,0.0,Mauser792x57mm_Bolt,12.0,50,0.2,4,80.0,80.0,100.0,100.0,80.0,80.0,80.0,80.0,80.0,80.0,0.9,0.0,60.0,80.0,125.0,165.0,165.0,165.0,165.0,165.0,165.0,0.0025,80.0,1.0,1.0,1.0,0.7,3.0,2.0,10.05,1.0,4.5,3.5,10.05,1.0,2.5,1.5,10.05,1.0,4.0,3.0,10.05,1.0,4.5,1.0,1.0,5.0,3.5,2.5,10.05,1.0,5.0,4.0,10.05,1.0,0.0,880,5,5,0.8,1.1666666,N/A,N/A,N/A,50,100.0,3,1,0.5,5,1.5,5.0,0.0,Gewehr 98 Infantry
2.0,0.0,6.7,0.0,3.0,1.0,6.7,0.0,2.0,0.0,6.7,0.0,3.0,1.0,6.7,0.0,3.0,1.0,1.0,2.0,2.0,0.0,6.7,0.0,3.0,1.0,6.7,0.0,0.0,Mauser792x57mm_Bolt,12.0,50,0.2,4,80.0,80.0,100.0,100.0,80.0,80.0,80.0,80.0,80.0,80.0,0.9,0.0,60.0,80.0,125.0,165.0,165.0,165.0,165.0,165.0,165.0,0.0025,80.0,1.0,1.0,1.0,0.7,3.0,2.0,6.7,1.0,4.5,3.5,6.7,1.0,2.5,1.5,6.7,1.0,4.0,3.0,6.7,1.0,3.0,1.0,1.0,5.0,3.5,2.5,6.7,1.0,5.0,4.0,6.7,1.0,0.0,880,5,5,0.8,1.1666666,N/A,N/A,N/A,50,100.0,3,1,0.5,5,1.5,5.0,0.0,Gewehr 98 Marksman
2.0,0.0,6.7,0.0,3.0,1.0,6.7,0.0,2.0,0.0,6.7,0.0,3.0,1.0,6.7,0.0,3.0,1.0,1.0,2.0,2.0,0.0,6.7,0.0,3.0,1.0,6.7,0.0,0.0,Mauser792x57mm_Bolt,12.0,50,0.2,4,80.0,80.0,100.0,100.0,80.0,80.0,80.0,80.0,80.0,80.0,0.9,0.0,60.0,80.0,125.0,165.0,165.0,165.0,165.0,165.0,165.0,0.0025,80.0,1.0,1.0,1.0,0.7,3.0,2.0,6.7,1.0,4.5,3.5,6.7,1.0,2.5,1.5,6.7,1.0,4.0,3.0,6.7,1.0,3.0,1.0,1.0,5.0,3.5,2.5,6.7,1.0,5.0,4.0,6.7,1.0,0.0,880,5,5,0.8,1.1666666,N/A,N/A,N/A,50,100.0,3,1,0.5,5,1.5,5.0,0.0,Gewehr 98 Sniper
2.0,0.0,6.7,0.0,3.0,0.5,6.7,0.0,2.0,0.0,6.7,0.0,3.0,0.5,6.7,0.0,3.0,1.0,1.0,2.0,2.0,0.0,6.7,0.0,3.0,0.5,6.7,0.0,0.05,8x50mmR_Mannlicher,12.0,66,0.0,4,90.0,79.0,79.0,79.0,79.0,79.0,79.0,79.0,79.0,79.0,0.9,20.0,125.0,125.0,125.0,125.0,125.0,125.0,125.0,125.0,125.0,0.0025,79.0,1.0,1.0,1.0,3.0,3.0,1.334,6.7,1.0,4.5,2.3345000000000002,6.7,1.0,2.5,1.0005000000000002,6.7,1.0,4.0,2.0010000000000003,6.7,1.0,3.0,1.0,1.0,5.0,3.5,1.6675,6.7,1.0,5.0,2.668,6.7,1.0,0.0,620,5,5,0.0,0.0,N/A,N/A,N/A,66,90.0,3,1,3.0,5,3.0,5.0,0.0,Gewehr M.95 Carbine
2.0,0.0,10.05,0.0,3.0,1.0,10.05,0.0,2.0,0.0,10.05,0.0,3.0,1.0,10.05,0.0,4.5,1.0,1.0,2.0,2.0,0.0,10.05,0.0,3.0,1.0,10.05,0.0,0.05,8x50mmR_Mannlicher,12.0,66,0.0,4,90.0,79.0,79.0,79.0,79.0,79.0,79.0,79.0,79.0,79.0,0.9,20.0,125.0,125.0,125.0,125.0,125.0,125.0,125.0,125.0,125.0,0.0025,79.0,1.0,1.0,1.0,3.0,3.0,2.0,10.05,1.0,4.5,3.5,10.05,1.0,2.5,1.5,10.05,1.0,4.0,3.0,10.05,1.0,4.5,1.0,1.0,5.0,3.5,2.5,10.05,1.0,5.0,4.0,10.05,1.0,0.0,620,5,5,0.0,0.0,N/A,N/A,N/A,66,90.0,3,1,3.0,5,3.0,5.0,0.0,Gewehr M.95 Infantry
2.0,0.0,6.7,0.0,3.0,1.0,6.7,0.0,2.0,0.0,6.7,0.0,3.0,1.0,6.7,0.0,3.0,1.0,1.0,2.0,2.0,0.0,6.7,0.0,3.0,1.0,6.7,0.0,0.05,8x50mmR_Mannlicher,12.0,66,0.0,4,90.0,79.0,79.0,79.0,79.0,79.0,79.0,79.0,79.0,79.0,0.9,20.0,125.0,125.0,125.0,125.0,125.0,125.0,125.0,125.0,125.0,0.0025,79.0,1.0,1.0,1.0,3.0,3.0,2.0,6.7,1.0,4.5,3.5,6.7,1.0,2.5,1.5,6.7,1.0,4.0,3.0,6.7,1.0,3.0,1.0,1.0,5.0,3.5,2.5,6.7,1.0,5.0,4.0,6.7,1.0,0.0,620,5,5,0.0,0.0,N/A,N/A,N/A,66,90.0,3,1,3.0,5,3.0,5.0,0.0,Gewehr M.95 Marksman
1.5,0.3,2.7,0.045,1.75,0.5,2.7,0.045,1.5,0.3,2.7,0.045,1.75,0.5,2.7,0.045,8.0,0.475,0.475,0.48,1.5,0.3,2.7,0.045,2.25,0.5,2.7,0.045,2.0,9x23mm_Steyr,12.0,650,N/A,2,26.5,25.0,20.84,20.0,17.37,16.67,15.0,15.0,15.0,15.0,0.8,11.0,12.0,21.0,22.0,29.0,30.0,37.0,37.0,37.0,37.0,0.0025,15.0,5.0,5.0,2.0,N/A,2.5,1.5,2.7,0.045,2.75,1.75,2.7,0.045,2.5,1.5,2.7,0.045,2.75,1.75,2.7,0.045,8.0,0.475,0.475,0.48,2.5,1.5,2.7,0.045,3.25,2.25,2.7,0.045,0.0,380,120,120,N/A,N/A,4.5,3.75,0.85,650,26.5,3,1,N/A,N/A,N/A,1.5,0.0,Hellriegel 1915 Defensive
1.5,0.3,2.7,0.045,1.75,0.5,2.7,0.045,1.5,0.3,2.7,0.045,1.75,0.5,2.7,0.045,8.0,0.38,0.38,0.384,1.5,0.3,2.7,0.045,2.25,0.5,2.7,0.045,2.0,9x23mm_Steyr,12.0,650,N/A,2,26.5,25.0,20.84,20.0,17.37,16.67,15.0,15.0,15.0,15.0,0.8,11.0,12.0,21.0,22.0,29.0,30.0,37.0,37.0,37.0,37.0,0.0025,15.0,5.0,5.0,2.0,N/A,2.5,1.5,2.7,0.045,2.75,1.75,2.7,0.045,2.5,1.5,2.7,0.045,2.75,1.75,2.7,0.045,8.0,0.38,0.38,0.384,2.5,1.5,2.7,0.045,3.25,2.25,2.7,0.045,0.0,380,60,60,N/A,N/A,4.5,3.75,0.85,650,26.5,3,1,N/A,N/A,N/A,1.5,0.0,Hellriegel 1915 Factory
1.0,0.4,9.0,0.3,1.0,0.6,9.0,0.3,1.0,0.4,9.0,0.3,1.0,0.3,9.0,0.3,5.0,1.5,1.5,5.0,1.0,0.4,9.0,0.3,1.0,0.6,9.0,0.3,2.0,455WebleyMkII,12.0,257,N/A,8,53.0,52.09,50.0,34.73,33.34,26.05,25.0,20.84,20.0,17.37,0.55,6.0,9.0,10.0,15.0,16.0,21.0,22.0,27.0,28.0,33.0,0.0025,15.0,1.0,1.0,1.0,N/A,2.0,0.8,9.0,0.3,2.0,1.2,9.0,0.3,2.0,0.8,9.0,0.3,2.0,1.2,9.0,0.3,5.0,1.5,1.5,5.0,2.0,0.8,9.0,0.3,2.0,1.2,9.0,0.3,0.0,230,4,4,N/A,N/A,3.3,3.3,0.9,257,53.0,3,1,N/A,N/A,N/A,1.5,0.0,Howdah Pistol
1.2,0.15,6.0,0.1,1.2,1.05,6.0,0.1,1.2,0.15,6.0,0.1,1.2,1.05,6.0,0.1,5.25,0.24,0.24,1.0,1.2,0.15,6.0,0.1,1.2,1.05,6.0,0.1,0.9,British303_Semi,12.0,257,N/A,1,42.0,34.73,33.34,30.0,30.0,30.0,30.0,30.0,30.0,30.0,0.7,46.33,53.0,54.0,59.0,59.0,59.0,59.0,59.0,59.0,59.0,0.0025,30.0,1.0,1.0,1.0,N/A,3.0,2.0,6.0,0.1,3.5,2.5,6.0,0.1,2.5,1.5,6.0,0.1,3.0,2.0,6.0,0.1,5.25,0.24,0.24,1.0,3.5,2.5,6.0,0.1,4.0,3.0,6.0,0.1,0.0,740,21,21,N/A,N/A,3.8,2.7,0.75,257,42.0,3,1,N/A,N/A,N/A,5.0,0.0,Howell Automatic Factory
1.2,0.10005,3.0,0.1,1.2,1.05,3.0,0.1,1.2,0.10005,3.0,0.1,1.2,1.05,3.0,0.1,3.0,0.24,0.24,1.0,1.2,0.10005,3.0,0.1,1.2,1.05,3.0,0.1,0.9,British303_Semi,12.0,257,N/A,1,42.0,34.73,33.34,30.0,30.0,30.0,30.0,30.0,30.0,30.0,0.7,46.33,53.0,54.0,59.0,59.0,59.0,59.0,59.0,59.0,59.0,0.0025,30.0,1.0,1.0,1.0,N/A,3.0,2.0,3.0,0.1,3.5,2.5,3.0,0.1,2.5,1.5,3.0,0.1,3.0,2.0,3.0,0.1,3.0,0.24,0.24,1.0,3.5,2.5,3.0,0.1,4.0,3.0,3.0,0.1,0.0,740,21,21,N/A,N/A,3.8,2.7,0.75,257,42.0,3,1,N/A,N/A,N/A,5.0,0.0,Howell Automatic Sniper
1.75,0.18,12.75,-0.10625000000000001,2.5,0.82,12.75,-0.10625000000000001,1.5,0.18,12.75,-0.10625000000000001,2.25,0.82,12.75,-0.10625000000000001,10.002,0.14,0.14,0.28,2.0,0.18,12.75,-0.10625000000000001,2.75,0.82,12.75,-0.10625000000000001,2.0,British303_Heavy,12.0,475,N/A,3,26.5,25.0,23.0,20.84,20.0,20.0,20.0,20.0,20.0,20.0,1.2,11.0,12.0,35.0,49.0,50.0,50.0,50.0,50.0,50.0,50.0,0.0025,20.0,-4.0,-4.0,1.4,N/A,3.25,1.75,27.0,-0.22499999999999998,3.75,2.5,27.0,-0.22499999999999998,2.75,1.5,27.0,-0.22499999999999998,3.25,2.25,27.0,-0.22499999999999998,10.002,0.14,0.14,0.28,3.75,2.0,27.0,-0.22499999999999998,4.25,2.75,27.0,-0.22499999999999998,0.0,740,26,26,N/A,N/A,4.25,2.85,0.9,475,26.5,3,1,N/A,N/A,N/A,1.5,0.0,Huot Automatic Low Weight
1.75,0.135,4.7000002,-0.09400000400000001,2.5,0.615,6.30000025,-0.126000005,1.5,0.135,4.7000002,-0.09400000400000001,2.25,0.615,6.30000025,-0.126000005,6.0,0.12320000000000002,0.12320000000000002,0.28,2.0,0.135,4.7000002,-0.09400000400000001,2.75,0.615,6.30000025,-0.126000005,2.0,British303_Heavy,12.0,475,N/A,3,26.5,25.0,23.0,20.84,20.0,20.0,20.0,20.0,20.0,20.0,1.2,11.0,12.0,35.0,49.0,50.0,50.0,50.0,50.0,50.0,50.0,0.0025,20.0,-5.0,-5.0,1.4,N/A,3.25,1.75,9.0,-0.18,3.75,2.5,9.0,-0.18,2.75,1.5,9.0,-0.18,3.25,2.25,9.0,-0.18,6.0,0.12320000000000002,0.12320000000000002,0.28,3.75,2.0,9.0,-0.18,4.25,2.75,9.0,-0.18,0.0,740,26,26,N/A,N/A,4.25,2.85,0.9,475,26.5,3,1,N/A,N/A,N/A,1.5,0.0,Huot Automatic Optical
2.75,0.18,8.925,-0.10200000000000001,3.5,1.02,8.925,-0.10200000000000001,2.5,0.18,8.925,-0.10200000000000001,3.25,1.02,8.925,-0.10200000000000001,10.002,0.575,0.575,0.42,3.0,0.18,8.925,-0.10200000000000001,3.75,1.02,8.925,-0.10200000000000001,2.0,Mauser792x57mm,12.0,600,N/A,3,28.0,25.0,21.0,21.0,21.0,21.0,21.0,21.0,21.0,21.0,1.25,11.0,12.0,35.0,35.0,35.0,35.0,35.0,35.0,35.0,35.0,0.0025,21.0,-4.999998,-4.999998,1.25,N/A,4.75,2.75,18.9,-0.216,5.25,3.5,18.9,-0.216,4.25,2.5,18.9,-0.216,4.75,3.25,18.9,-0.216,10.002,0.575,0.575,0.42,5.25,3.0,18.9,-0.216,5.75,3.75,18.9,-0.216,0.0,870,100,N/A,N/A,N/A,N/A,N/A,N/A,600,28.0,3,1,N/A,-1,N/A,1.5,0.0,IMG 08-18 Low Weight
2.75,0.18,2.975,-0.085,3.5,1.02,2.975,-0.085,2.5,0.18,2.975,-0.085,3.25,1.02,2.975,-0.085,6.0,0.575,0.575,0.42,3.0,0.18,2.975,-0.085,3.75,1.02,2.975,-0.085,2.0,Mauser792x57mm,12.0,600,N/A,3,28.0,25.0,21.0,21.0,21.0,21.0,21.0,21.0,21.0,21.0,1.25,11.0,12.0,35.0,35.0,35.0,35.0,35.0,35.0,35.0,35.0,0.0025,21.0,-6.0,-6.0,1.25,N/A,4.75,2.75,6.3,-0.18,5.25,3.5,6.3,-0.18,4.25,2.5,6.3,-0.18,4.75,3.25,6.3,-0.18,6.0,0.575,0.575,0.42,5.25,3.0,6.3,-0.18,5.75,3.75,6.3,-0.18,0.0,870,100,N/A,N/A,N/A,N/A,N/A,N/A,600,28.0,3,1,N/A,-1,N/A,1.5,0.0,IMG 08-18 Suppressive
2.0,0.0,10.05,0.0,3.0,1.0,10.05,0.0,2.0,0.0,10.05,0.0,3.0,1.0,10.05,0.0,4.5,1.0,1.0,2.0,2.0,0.0,10.05,0.0,3.0,1.0,10.05,0.0,0.0,8mmLebel_Bolt,12.0,56,1.1,4,80.0,80.0,100.0,100.0,80.0,80.0,80.0,80.0,80.0,80.0,0.9,0.0,30.0,50.0,87.5,127.5,127.5,127.5,127.5,127.5,127.5,0.0025,80.0,1.0,1.0,1.0,1.53333334,3.0,2.0,10.05,1.0,4.5,3.5,10.05,1.0,2.5,1.5,10.05,1.0,4.0,3.0,10.05,1.0,4.5,1.0,1.0,5.0,3.5,2.5,10.05,1.0,5.0,4.0,10.05,1.0,0.0,720,8,9,2.53,0.73333335,N/A,N/A,N/A,56,100.0,3,1,0.43333334,9,1.5,5.0,0.0,Lebel Model 1886 Infantry
2.0,0.0,6.7,0.0,3.0,1.0,6.7,0.0,2.0,0.0,6.7,0.0,3.0,1.0,6.7,0.0,3.0,1.0,1.0,2.0,2.0,0.0,6.7,0.0,3.0,1.0,6.7,0.0,0.0,8mmLebel_Bolt,12.0,56,1.1,4,80.0,80.0,100.0,100.0,80.0,80.0,80.0,80.0,80.0,80.0,0.9,0.0,30.0,50.0,87.5,127.5,127.5,127.5,127.5,127.5,127.5,0.0025,80.0,1.0,1.0,1.0,1.53333334,3.0,2.0,6.7,1.0,4.5,3.5,6.7,1.0,2.5,1.5,6.7,1.0,4.0,3.0,6.7,1.0,3.0,1.0,1.0,5.0,3.5,2.5,6.7,1.0,5.0,4.0,6.7,1.0,0.0,720,8,9,2.53,0.73333335,N/A,N/A,N/A,56,100.0,3,1,0.43333334,9,1.5,5.0,0.0,Lebel Model 1886 Sniper
2.25,0.21,15.299999999999999,-0.10200000000000001,3.0,0.79,15.299999999999999,-0.10200000000000001,2.0,0.21,15.299999999999999,-0.10200000000000001,2.75,0.79,15.299999999999999,-0.10200000000000001,10.002,0.24,0.24,0.25,2.5,0.21,15.299999999999999,-0.10200000000000001,3.25,0.79,15.299999999999999,-0.10200000000000001,2.0,British303_Heavy,12.0,480,N/A,3,26.5,25.0,23.0,20.84,20.0,20.0,20.0,20.0,20.0,20.0,1.2,11.0,12.0,35.0,49.0,50.0,50.0,50.0,50.0,50.0,50.0,0.0025,20.0,-4.999998,-4.999998,1.5,N/A,4.0,2.25,32.400000000000006,-0.216,4.5,3.0,32.400000000000006,-0.216,3.5,2.0,32.400000000000006,-0.216,4.0,2.75,32.400000000000006,-0.216,10.002,0.24,0.24,0.25,4.5,2.5,32.400000000000006,-0.216,5.0,3.25,32.400000000000006,-0.216,0.0,740,47,47,N/A,N/A,4.2,2.85,0.83,480,26.5,3,1,N/A,N/A,N/A,1.5,0.0,Lewis Gun Low Weight
2.25,0.1575,5.62500012,-0.09375000200000001,3.0,0.5925,7.075000499999999,-0.117916675,2.0,0.1575,5.62500012,-0.09375000200000001,2.75,0.5925,7.075000499999999,-0.117916675,6.0,0.2112,0.2112,0.25,2.5,0.1575,5.62500012,-0.09375000200000001,3.25,0.5925,7.075000499999999,-0.117916675,2.0,British303_Heavy,12.0,480,N/A,3,26.5,25.0,23.0,20.84,20.0,20.0,20.0,20.0,20.0,20.0,1.2,11.0,12.0,35.0,49.0,50.0,50.0,50.0,50.0,50.0,50.0,0.0025,20.0,-6.0,-6.0,1.5,N/A,4.0,2.25,10.8,-0.18,4.5,3.0,10.8,-0.18,3.5,2.0,10.8,-0.18,4.0,2.75,10.8,-0.18,6.0,0.2112,0.2112,0.25,4.5,2.5,10.8,-0.18,5.0,3.25,10.8,-0.18,0.0,740,47,47,N/A,N/A,4.2,2.85,0.83,480,26.5,3,1,N/A,N/A,N/A,1.5,0.0,Lewis Gun Optical
2.25,0.21,5.1,-0.085,3.0,0.79,5.1,-0.085,2.0,0.21,5.1,-0.085,2.75,0.79,5.1,-0.085,6.0,0.24,0.24,0.25,2.5,0.21,5.1,-0.085,3.25,0.79,5.1,-0.085,2.0,British303_Heavy,12.0,480,N/A,3,26.5,25.0,23.0,20.84,20.0,20.0,20.0,20.0,20.0,20.0,1.2,11.0,12.0,35.0,49.0,50.0,50.0,50.0,50.0,50.0,50.0,0.0025,20.0,-6.0,-6.0,1.5,N/A,4.0,2.25,10.8,-0.18,4.5,3.0,10.8,-0.18,3.5,2.0,10.8,-0.18,4.0,2.75,10.8,-0.18,6.0,0.24,0.24,0.25,4.5,2.5,10.8,-0.18,5.0,3.25,10.8,-0.18,0.0,740,97,97,N/A,N/A,4.2,2.85,0.83,480,26.5,3,1,N/A,N/A,N/A,1.5,0.0,Lewis Gun Suppressive
1.2,0.21,2.1,0.07,1.2,0.79,2.1,0.07,1.2,0.21,2.1,0.07,1.2,0.79,2.1,0.07,5.0,0.1,0.1,0.28,1.2,0.21,2.1,0.07,1.2,0.79,2.1,0.07,4.6,30-18_Auto,12.0,359,N/A,4,34.73,33.34,26.5,25.0,20.84,20.0,17.37,16.67,15.0,15.0,0.9,11.0,12.0,17.0,18.0,24.0,25.0,31.0,32.0,33.0,33.0,0.0025,15.0,1.0,1.0,1.0,N/A,3.0,1.334,2.1,0.07,4.5,2.3345000000000002,2.1,0.07,2.5,1.0005000000000002,2.1,0.07,4.0,2.0010000000000003,2.1,0.07,5.0,0.1,0.1,0.28,3.5,1.6675,2.1,0.07,5.0,2.668,2.1,0.07,0.0,400,41,41,N/A,N/A,3.0,2.25,0.75,359,34.73,3,1,N/A,N/A,N/A,1.5,0.0,M1903 Experimental
2.0,0.0,6.7,0.0,3.0,1.0,6.7,0.0,2.0,0.0,6.7,0.0,3.0,1.0,6.7,0.0,3.0,1.0,1.0,2.0,2.0,0.0,6.7,0.0,3.0,1.0,6.7,0.0,0.0,30-06_Bolt,12.0,53,0.4,4,80.0,80.0,100.0,100.0,80.0,80.0,80.0,80.0,80.0,80.0,0.9,0.0,80.0,100.0,150.0,190.0,190.0,190.0,190.0,190.0,190.0,0.002,80.0,1.0,1.0,1.0,0.9,3.0,2.0,6.7,1.0,4.5,3.5,6.7,1.0,2.5,1.5,6.7,1.0,4.0,3.0,6.7,1.0,3.0,1.0,1.0,5.0,3.5,2.5,6.7,1.0,5.0,4.0,6.7,1.0,0.0,820,5,5,0.7,1.2333,N/A,N/A,N/A,53,100.0,3,1,0.5,5,1.7666667,5.0,0.0,M1903 Marksman
2.0,0.0,6.7,0.0,3.0,1.0,6.7,0.0,2.0,0.0,6.7,0.0,3.0,1.0,6.7,0.0,3.0,1.0,1.0,2.0,2.0,0.0,6.7,0.0,3.0,1.0,6.7,0.0,0.0,30-06_Bolt,12.0,53,0.4,4,80.0,80.0,100.0,100.0,80.0,80.0,80.0,80.0,80.0,80.0,0.9,0.0,80.0,100.0,150.0,190.0,190.0,190.0,190.0,190.0,190.0,0.002,80.0,1.0,1.0,1.0,0.9,3.0,2.0,6.7,1.0,4.5,3.5,6.7,1.0,2.5,1.5,6.7,1.0,4.0,3.0,6.7,1.0,3.0,1.0,1.0,5.0,3.5,2.5,6.7,1.0,5.0,4.0,6.7,1.0,0.0,820,5,5,0.7,1.2333,N/A,N/A,N/A,53,100.0,3,1,0.5,5,1.7666667,5.0,0.0,M1903 Sniper
1.2,0.18,6.0,0.1,1.2,0.82,6.0,0.1,1.2,0.18,6.0,0.1,1.2,0.82,6.0,0.1,5.25,0.6,0.6,0.9,1.2,0.18,6.0,0.1,1.2,0.82,6.0,0.1,0.9,351Winchester_Semi,12.0,299,N/A,1,42.0,34.73,33.34,26.042,25.0,23.0,23.0,23.0,23.0,23.0,0.7,21.0,37.0,38.0,53.0,54.0,60.0,60.0,60.0,60.0,60.0,0.0025,23.0,1.0,1.0,1.0,N/A,2.5,1.5,6.0,0.1,3.0,2.0,6.0,0.1,2.0,1.0,6.0,0.1,2.5,1.5,6.0,0.1,5.25,0.6,0.6,0.9,3.0,2.0,6.0,0.1,3.5,2.5,6.0,0.1,0.0,570,21,21,N/A,N/A,3.5,2.3,0.75,299,42.0,3,1,N/A,N/A,N/A,5.0,0.0,M1907 SL Factory
1.2,0.18,3.0,0.1,1.2,0.82,3.0,0.1,1.2,0.18,3.0,0.1,1.2,0.82,3.0,0.1,3.0,0.6,0.6,0.7200000000000001,1.2,0.18,3.0,0.1,1.2,0.82,3.0,0.1,0.9,351Winchester_Semi,12.0,299,N/A,1,42.0,34.73,33.34,26.042,25.0,23.0,23.0,23.0,23.0,23.0,0.7,21.0,37.0,38.0,53.0,54.0,60.0,60.0,60.0,60.0,60.0,0.0025,23.0,1.0,1.0,1.0,N/A,2.5,1.5,3.0,0.05,3.0,2.0,3.0,0.05,2.0,1.0,3.0,0.05,2.5,1.5,3.0,0.05,3.0,0.6,0.6,0.7200000000000001,3.0,2.0,3.0,0.05,3.5,2.5,3.0,0.05,0.0,570,21,21,N/A,N/A,3.5,2.3,0.75,299,42.0,3,1,N/A,N/A,N/A,5.0,0.0,M1907 SL Sweeper
1.2,0.18,3.0,0.1,1.2,0.82,3.0,0.1,1.2,0.18,3.0,0.1,1.2,0.82,3.0,0.1,3.0,0.6,0.6,0.9,1.2,0.18,3.0,0.1,1.2,0.82,3.0,0.1,0.9,351Winchester_Semi,12.0,299,N/A,1,42.0,34.73,33.34,26.042,25.0,23.0,23.0,23.0,23.0,23.0,0.7,21.0,37.0,38.0,53.0,54.0,60.0,60.0,60.0,60.0,60.0,0.0025,23.0,1.0,1.0,1.0,N/A,2.5,0.75,3.0,0.05,3.0,1.2,3.0,0.05,2.0,0.5,3.0,0.05,2.5,0.8999999999999999,3.0,0.05,3.0,0.6,0.6,0.9,3.0,1.0,3.0,0.05,3.5,1.5,3.0,0.05,0.0,570,21,21,N/A,N/A,3.5,2.3,0.75,299,42.0,3,1,N/A,N/A,N/A,5.0,0.0,M1907 SL Trench
2.25,0.1575,5.62500012,-0.09375000200000001,3.0,0.5925,7.075000499999999,-0.117916675,2.0,0.1575,5.62500012,-0.09375000200000001,2.75,0.5925,7.075000499999999,-0.117916675,6.0,0.1056,0.1056,0.35,2.5,0.1575,5.62500012,-0.09375000200000001,3.25,0.5925,7.075000499999999,-0.117916675,2.0,30-06_Heavy,12.0,450,N/A,3,26.5,25.0,23.0,23.0,23.0,23.0,23.0,23.0,23.0,23.0,1.2,11.0,12.0,35.0,35.0,35.0,35.0,35.0,35.0,35.0,35.0,0.002,23.0,-6.0,-6.0,1.25,N/A,4.0,2.25,10.8,-0.18,4.5,3.0,10.8,-0.18,3.5,2.0,10.8,-0.18,4.0,2.75,10.8,-0.18,6.0,0.1056,0.1056,0.35,4.5,2.5,10.8,-0.18,5.0,3.25,10.8,-0.18,0.0,820,30,30,N/A,N/A,3.9,2.6,0.75,450,26.5,3,1,N/A,N/A,N/A,1.5,0.0,M1909 Benet-Mercie Optical
2.25,0.21,5.1,-0.085,3.0,0.79,5.1,-0.085,2.0,0.21,5.1,-0.085,2.75,0.79,5.1,-0.085,6.0,0.096,0.096,0.27999999999999997,2.5,0.21,5.1,-0.085,3.25,0.79,5.1,-0.085,2.0,30-06_Heavy,12.0,450,N/A,3,26.5,25.0,23.0,23.0,23.0,23.0,23.0,23.0,23.0,23.0,1.2,11.0,12.0,35.0,35.0,35.0,35.0,35.0,35.0,35.0,35.0,0.002,23.0,-6.0,-6.0,1.25,N/A,4.0,2.25,10.8,-0.18,4.5,3.0,10.8,-0.18,3.5,2.0,10.8,-0.18,4.0,2.75,10.8,-0.18,6.0,0.096,0.096,0.27999999999999997,4.5,2.5,10.8,-0.18,5.0,3.25,10.8,-0.18,0.0,820,30,30,N/A,N/A,3.9,2.6,0.75,450,26.5,3,1,N/A,N/A,N/A,1.5,0.0,M1909 Benet-Mercie Storm
2.25,0.14007,5.8000004999999994,-0.096666675,3.0,0.79,5.1,-0.085,2.0,0.14007,5.8000004999999994,-0.096666675,2.75,0.79,5.1,-0.085,6.0,0.12,0.12,0.35,2.5,0.14007,5.8000004999999994,-0.096666675,3.25,0.79,5.1,-0.085,2.0,30-06_Heavy,12.0,450,N/A,3,26.5,25.0,23.0,23.0,23.0,23.0,23.0,23.0,23.0,23.0,1.2,11.0,12.0,35.0,35.0,35.0,35.0,35.0,35.0,35.0,35.0,0.002,23.0,-6.0,-6.0,1.25,N/A,4.0,2.25,10.8,-0.18,4.5,3.0,10.8,-0.18,3.5,2.0,10.8,-0.18,4.0,2.75,10.8,-0.18,6.0,0.12,0.12,0.35,4.5,2.5,10.8,-0.18,5.0,3.25,10.8,-0.18,0.0,820,30,30,N/A,N/A,3.9,2.6,0.75,450,26.5,3,1,N/A,N/A,N/A,1.5,0.0,M1909 Benet-Mercie Telescopic
1.2,0.4,6.0,0.2,1.2,0.5,6.0,0.2,1.2,0.4,6.0,0.2,1.2,0.5,6.0,0.2,5.0,0.7,0.7,2.3,1.2,0.4,6.0,0.2,1.2,0.5,6.0,0.2,2.0,45cal_Pistol,12.0,299,N/A,8,35.0,34.73,33.34,26.05,25.0,20.84,20.0,17.37,16.67,15.0,0.55,6.0,9.0,10.0,15.0,16.0,21.0,22.0,27.0,28.0,32.76,0.0025,15.0,1.0,1.0,1.0,N/A,2.0,0.8,6.0,0.2,2.0,1.2,6.0,0.2,2.0,0.8,6.0,0.2,2.0,1.2,6.0,0.2,5.0,0.7,0.7,2.3,2.0,0.8,6.0,0.2,2.0,1.2,6.0,0.2,0.0,250,8,8,N/A,N/A,1.7,1.16,0.8,299,35.0,3,1,N/A,N/A,N/A,1.5,0.0,M1911
1.2,0.36,6.0,0.2,1.2,0.44,6.0,0.2,1.2,0.36,6.0,0.2,1.2,0.44,6.0,0.2,5.0,0.5,0.5,1.7,1.2,0.36,6.0,0.2,1.2,0.44,6.0,0.2,2.0,45cal_Pistol,12.0,299,N/A,5,35.0,34.73,33.34,26.05,25.0,20.84,20.0,17.37,16.67,15.0,0.6,6.0,9.0,10.0,15.0,16.0,21.0,22.0,27.0,28.0,32.76,0.0025,15.0,1.0,1.0,1.0,N/A,3.0,1.0,6.0,0.2,3.0,1.5,6.0,0.2,3.0,1.0,6.0,0.2,3.0,1.5,6.0,0.2,5.0,0.5,0.5,1.7,3.0,1.5,6.0,0.2,3.0,2.0,6.0,0.2,0.0,250,15,15,N/A,N/A,2.6,1.6,0.78,299,35.0,3,1,N/A,N/A,N/A,1.5,0.0,M1911 Extended
2.0,0.0,10.05,0.0,3.0,1.0,10.05,0.0,2.0,0.0,10.05,0.0,3.0,1.0,10.05,0.0,4.5,1.0,1.0,2.0,2.0,0.0,10.05,0.0,3.0,1.0,10.05,0.0,0.0,30-06_Bolt,12.0,60,0.06667,4,80.0,80.0,100.0,100.0,80.0,80.0,80.0,80.0,80.0,80.0,0.9,0.0,80.0,100.0,150.0,190.0,190.0,190.0,190.0,190.0,190.0,0.002,80.0,1.0,1.0,1.0,0.86667,3.0,2.0,10.05,1.0,4.5,3.5,10.05,1.0,2.5,1.5,10.05,1.0,4.0,3.0,10.05,1.0,4.5,1.0,1.0,5.0,3.5,2.5,10.05,1.0,5.0,4.0,10.05,1.0,0.0,820,6,5,1.4333,1.23333,N/A,N/A,N/A,60,100.0,3,1,0.8,5,1.8,5.0,0.0,M1917 Enfield Infantry
2.0,0.0,6.7,0.0,3.0,1.0,6.7,0.0,2.0,0.0,6.7,0.0,3.0,1.0,6.7,0.0,3.0,1.0,1.0,2.0,2.0,0.0,6.7,0.0,3.0,1.0,6.7,0.0,0.0,30-06_Bolt,12.0,60,0.06667,4,80.0,80.0,100.0,100.0,80.0,80.0,80.0,80.0,80.0,80.0,0.9,0.0,80.0,100.0,150.0,190.0,190.0,190.0,190.0,190.0,190.0,0.002,80.0,1.0,1.0,1.0,0.86667,3.0,2.0,6.7,1.0,4.5,3.5,6.7,1.0,2.5,1.5,6.7,1.0,4.0,3.0,6.7,1.0,3.0,1.0,1.0,5.0,3.5,2.5,6.7,1.0,5.0,4.0,6.7,1.0,0.0,820,6,5,1.4333,1.23333,N/A,N/A,N/A,60,100.0,3,1,0.8,5,1.8,5.0,0.0,M1917 Enfield Silenced
2.75,0.18,8.925,-0.09916666100000002,3.5,1.02,8.925,-0.09916666100000002,2.5,0.18,8.925,-0.09916666100000002,3.25,1.02,8.925,-0.09916666100000002,10.002,0.17,0.17,0.26,3.0,0.18,8.925,-0.09916666100000002,3.75,1.02,8.925,-0.09916666100000002,2.0,30-06_Heavy,12.0,450,N/A,3,26.5,25.0,23.0,23.0,23.0,23.0,23.0,23.0,23.0,23.0,1.3,11.0,12.0,35.0,35.0,35.0,35.0,35.0,35.0,35.0,35.0,0.002,23.0,-5.99998,-5.99998,1.8,N/A,4.75,2.75,18.9,-0.209999988,5.25,3.5,18.9,-0.209999988,4.25,2.5,18.9,-0.209999988,4.75,3.25,18.9,-0.209999988,10.002,0.17,0.17,0.26,5.25,3.0,18.9,-0.209999988,5.75,3.75,18.9,-0.209999988,0.0,820,250,250,N/A,N/A,8.33333,7.5,0.65,450,26.5,3,1,N/A,N/A,N/A,1.5,0.0,M1917 Low Weight
1.2,0.14007,2.625,0.043750000000000004,1.2,0.79,2.1,0.043750000000000004,1.2,0.14007,2.625,0.043750000000000004,1.2,0.79,2.1,0.043750000000000004,5.0,0.12,0.12,0.36,1.2,0.14007,2.625,0.043750000000000004,1.2,0.79,2.1,0.043750000000000004,2.0,9x19mm_Semi,12.0,359,N/A,2,34.73,33.34,26.5,25.0,20.84,20.0,17.37,16.67,15.0,15.0,0.7,11.0,12.0,17.0,18.0,24.0,25.0,31.0,32.0,33.0,33.0,0.0025,15.0,1.0,1.0,1.0,N/A,2.0,1.0,2.1,0.07,2.0,1.0,2.1,0.07,2.0,1.0,2.1,0.07,2.0,1.0,2.1,0.07,5.0,0.12,0.12,0.36,2.0,1.0,2.1,0.07,2.5,1.5,2.1,0.07,0.0,460,41,41,N/A,N/A,3.5,2.1,0.85,359,34.73,3,1,N/A,N/A,N/A,1.5,0.0,M1917 Patrol Carbine
2.75,0.12006,3.2749998925,-0.0935714255,3.5,1.02,2.975,-0.085,2.5,0.12006,3.2749998925,-0.0935714255,3.25,1.02,2.975,-0.085,6.0,0.17,0.17,0.26,3.0,0.12006,3.2749998925,-0.0935714255,3.75,1.02,2.975,-0.085,2.0,30-06_Heavy,12.0,450,N/A,3,26.5,25.0,23.0,23.0,23.0,23.0,23.0,23.0,23.0,23.0,1.3,11.0,12.0,35.0,35.0,35.0,35.0,35.0,35.0,35.0,35.0,0.002,23.0,-7.0,-7.0,1.8,N/A,4.75,2.75,6.3,-0.18,5.25,3.5,6.3,-0.18,4.25,2.5,6.3,-0.18,4.75,3.25,6.3,-0.18,6.0,0.17,0.17,0.26,5.25,3.0,6.3,-0.18,5.75,3.75,6.3,-0.18,0.0,820,250,250,N/A,N/A,8.33333,7.5,0.65,450,26.5,3,1,N/A,N/A,N/A,1.5,0.0,M1917 Telescopic
2.0,0.0,4.5,0.3,2.0,0.4,4.5,0.3,2.0,0.0,4.5,0.3,2.0,0.4,4.5,0.3,4.5,0.8999999999999999,0.8999999999999999,7.2,2.0,0.0,4.5,0.3,2.0,0.4,4.5,0.3,2.0,12g_Buckshot_M97_LowRecoil,12.0,138,0.0,2,10.0,5.0,5.0,5.0,5.0,5.0,5.0,5.0,5.0,5.0,0.65,12.0,19.0,19.0,19.0,19.0,19.0,19.0,19.0,19.0,19.0,0.007,5.0,1.0,1.0,1.0,-1.0,2.0,0.3,4.5,0.3,2.0,0.5,4.5,0.3,2.0,0.2,4.5,0.3,2.0,0.4,4.5,0.3,4.5,0.8999999999999999,0.8999999999999999,7.2,2.0,0.4,4.5,0.3,2.0,0.6,4.5,0.3,1.8,333,5,1,0.17,0.7,N/A,N/A,N/A,138,10.0,3,12,-1.0,1,0.5,1.0,1.8,M97 Trench Gun Backbored
2.0,0.0,4.5,0.3,2.0,0.4,4.5,0.3,2.0,0.0,4.5,0.3,2.0,0.4,4.5,0.3,3.0,1.5,1.5,9.0,2.0,0.0,4.5,0.3,2.0,0.4,4.5,0.3,2.0,12g_Buckshot_M97,12.0,138,0.0,2,10.0,5.0,5.0,5.0,5.0,5.0,5.0,5.0,5.0,5.0,0.65,14.0,21.0,21.0,21.0,21.0,21.0,21.0,21.0,21.0,21.0,0.007,5.0,1.0,1.0,1.0,-1.0,2.0,0.3,4.5,0.3,2.0,0.5,4.5,0.3,2.0,0.2,4.5,0.3,2.0,0.4,4.5,0.3,3.0,1.5,1.5,9.0,2.0,0.4,4.5,0.3,2.0,0.6,4.5,0.3,1.8,333,5,1,0.17,0.7,N/A,N/A,N/A,138,10.0,3,12,-1.0,1,0.5,1.0,1.8,M97 Trench Gun Hunter
2.0,0.0,4.5,0.3,2.0,0.4,4.5,0.3,2.0,0.0,4.5,0.3,2.0,0.4,4.5,0.3,3.0,1.5,1.5,9.0,2.0,0.0,4.5,0.3,2.0,0.4,4.5,0.3,2.0,12g_Buckshot_M97_Sweeper,12.0,138,0.0,2,12.5,4.2,4.2,4.2,4.2,4.2,4.2,4.2,4.2,4.2,0.65,10.0,16.0,16.0,16.0,16.0,16.0,16.0,16.0,16.0,16.0,0.007,4.2,1.0,1.0,1.0,-1.0,2.0,0.3,4.5,0.3,2.0,0.5,4.5,0.3,2.0,0.2,4.5,0.3,2.0,0.4,4.5,0.3,3.0,1.5,1.5,9.0,2.0,0.4,4.5,0.3,2.0,0.6,4.5,0.3,2.6999999999999997,333,5,1,0.17,0.7,N/A,N/A,N/A,138,12.5,3,12,-1.0,1,0.5,1.0,0.45,M97 Trench Gun Sweeper
4.0,0.4,3.6,-0.45,4.0,0.4,3.6,-0.45,4.0,0.4,3.6,-0.45,4.0,0.4,3.6,-0.45,6.0,0.15,0.15,0.28,4.0,0.4,3.6,-0.45,4.0,0.4,3.6,-0.45,2.0,Mauser792x57mm,12.0,430,N/A,5,28.0,25.0,21.0,21.0,21.0,21.0,21.0,21.0,21.0,21.0,1.25,11.0,12.0,35.0,35.0,35.0,35.0,35.0,35.0,35.0,35.0,0.0025,21.0,-6.0,-6.0,2.5,N/A,4.0,0.4,3.6,-0.45,4.0,0.4,3.6,-0.45,4.0,0.4,3.6,-0.45,4.0,0.4,3.6,-0.45,6.0,0.15,0.15,0.28,4.0,0.4,3.6,-0.45,4.0,0.4,3.6,-0.45,0.0,870,200,200,N/A,N/A,5.8,5.8,0.9,430,28.0,3,1,N/A,N/A,N/A,1.5,0.0,MG 08-15
2.75,0.18,8.925,-0.09916666100000002,3.5,1.02,8.925,-0.09916666100000002,2.5,0.18,8.925,-0.09916666100000002,3.25,1.02,8.925,-0.09916666100000002,10.002,0.35,0.35,0.4125,3.0,0.18,8.925,-0.09916666100000002,3.75,1.02,8.925,-0.09916666100000002,2.0,Mauser792x57mm,12.0,500,N/A,3,28.0,25.0,21.0,21.0,21.0,21.0,21.0,21.0,21.0,21.0,1.3,11.0,12.0,35.0,35.0,35.0,35.0,35.0,35.0,35.0,35.0,0.0025,21.0,-5.99998,-5.99998,1.8,N/A,4.75,2.75,18.9,-0.209999988,5.25,3.5,18.9,-0.209999988,4.25,2.5,18.9,-0.209999988,4.75,3.25,18.9,-0.209999988,10.002,0.35,0.35,0.4125,5.25,3.0,18.9,-0.209999988,5.75,3.75,18.9,-0.209999988,0.0,870,100,100,N/A,N/A,4.45,4.45,0.85,500,28.0,3,1,N/A,N/A,N/A,1.5,0.0,MG15 N.A. Low Weight
2.75,0.18,2.975,-0.085,3.5,1.02,2.975,-0.085,2.5,0.18,2.975,-0.085,3.25,1.02,2.975,-0.085,6.0,0.27999999999999997,0.27999999999999997,0.33,3.0,0.18,2.975,-0.085,3.75,1.02,2.975,-0.085,2.0,Mauser792x57mm,12.0,500,N/A,3,28.0,25.0,21.0,21.0,21.0,21.0,21.0,21.0,21.0,21.0,1.3,11.0,12.0,35.0,35.0,35.0,35.0,35.0,35.0,35.0,35.0,0.0025,21.0,-7.0,-7.0,1.8,N/A,4.75,2.75,6.3,-0.18,5.25,3.5,6.3,-0.18,4.25,2.5,6.3,-0.18,4.75,3.25,6.3,-0.18,6.0,0.27999999999999997,0.27999999999999997,0.33,5.25,3.0,6.3,-0.18,5.75,3.75,6.3,-0.18,0.0,870,100,100,N/A,N/A,4.45,4.45,0.85,500,28.0,3,1,N/A,N/A,N/A,1.5,0.0,MG15 N.A. Storm
2.75,0.18,2.975,-0.085,3.5,1.02,2.975,-0.085,2.5,0.18,2.975,-0.085,3.25,1.02,2.975,-0.085,6.0,0.35,0.35,0.4125,3.0,0.18,2.975,-0.085,3.75,1.02,2.975,-0.085,2.0,Mauser792x57mm,12.0,500,N/A,3,28.0,25.0,21.0,21.0,21.0,21.0,21.0,21.0,21.0,21.0,1.3,11.0,12.0,35.0,35.0,35.0,35.0,35.0,35.0,35.0,35.0,0.0025,21.0,-7.0,-7.0,1.8,N/A,4.75,2.75,6.3,-0.18,5.25,3.5,6.3,-0.18,4.25,2.5,6.3,-0.18,4.75,3.25,6.3,-0.18,6.0,0.35,0.35,0.4125,5.25,3.0,6.3,-0.18,5.75,3.75,6.3,-0.18,0.0,870,200,200,N/A,N/A,4.45,4.45,0.85,500,28.0,3,1,N/A,N/A,N/A,1.5,0.0,MG15 N.A. Suppressive
1.2,0.2001,5.4,0.045,1.2,0.5,5.4,0.045,1.2,0.2001,5.4,0.045,1.2,0.5,5.4,0.045,8.0,0.138,0.138,0.42,1.2,0.2001,5.4,0.045,1.2,0.5,5.4,0.045,2.0,9x19mm_SMG,12.0,550,N/A,2,28.0,25.0,20.84,20.0,17.37,16.67,15.0,15.0,15.0,15.0,0.65,11.0,12.0,21.0,22.0,29.0,30.0,37.0,37.0,37.0,37.0,0.0025,15.0,4.0,4.0,1.499994,N/A,2.0,1.0,2.7,0.045,2.0,1.0,2.7,0.045,2.0,1.0,2.7,0.045,2.0,1.0,2.7,0.045,8.0,0.138,0.138,0.42,2.0,1.0,2.7,0.045,2.5,1.5,2.7,0.045,0.0,420,30,30,N/A,N/A,3.3,2.1,0.87,550,28.0,3,1,N/A,N/A,N/A,1.5,0.0,MP 18 Experimental
1.2,0.22499999999999998,2.7,0.045,1.2,0.375,2.7,0.045,1.2,0.22499999999999998,2.7,0.045,1.2,0.375,2.7,0.045,8.0,0.23,0.23,0.42,1.2,0.22499999999999998,2.7,0.045,1.2,0.375,2.7,0.045,2.0,9x19mm_SMG,12.0,550,N/A,2,28.0,25.0,20.84,20.0,17.37,16.67,15.0,15.0,15.0,15.0,0.65,11.0,12.0,21.0,22.0,29.0,30.0,37.0,37.0,37.0,37.0,0.0025,15.0,3.0,4.0,1.8,N/A,2.0,1.0,2.7,0.045,2.0,1.0,2.7,0.045,2.0,1.0,2.7,0.045,2.0,1.0,2.7,0.045,8.0,0.23,0.23,0.42,2.0,1.0,2.7,0.045,2.5,1.5,2.7,0.045,0.0,420,32,32,N/A,N/A,2.96,2.1,0.87,550,28.0,3,1,N/A,N/A,N/A,1.5,0.0,MP 18 Optical
1.2,0.3,2.7,0.045,1.2,0.5,2.7,0.045,1.2,0.3,2.7,0.045,1.2,0.5,2.7,0.045,8.0,0.23,0.23,0.42,1.2,0.3,2.7,0.045,1.2,0.5,2.7,0.045,2.0,9x19mm_SMG,12.0,550,N/A,2,28.0,25.0,20.84,20.0,17.37,16.67,15.0,15.0,15.0,15.0,0.65,11.0,12.0,21.0,22.0,29.0,30.0,37.0,37.0,37.0,37.0,0.0025,15.0,4.0,1.0,1.8,N/A,2.0,0.667,2.7,0.045,2.0,0.667,2.7,0.045,2.0,0.667,2.7,0.045,2.0,0.667,2.7,0.045,8.0,0.23,0.23,0.42,2.0,0.667,2.7,0.045,2.5,1.0005000000000002,2.7,0.045,0.0,420,32,32,N/A,N/A,2.96,2.1,0.87,550,28.0,3,1,N/A,N/A,N/A,1.5,0.0,MP 18 Trench
1.75,0.24,6.375,-0.10625000000000001,2.5,0.56,6.375,-0.10625000000000001,1.5,0.24,6.375,-0.10625000000000001,2.25,0.56,6.375,-0.10625000000000001,10.002,0.275,0.275,0.38,2.0,0.24,6.375,-0.10625000000000001,2.75,0.56,6.375,-0.10625000000000001,2.0,Mauser792x57mm,12.0,540,N/A,3,28.0,25.0,21.0,21.0,21.0,21.0,21.0,21.0,21.0,21.0,1.1,11.0,12.0,35.0,35.0,35.0,35.0,35.0,35.0,35.0,35.0,0.0025,21.0,-4.0,-4.0,1.8,N/A,3.25,1.75,13.5,-0.22499999999999998,3.75,2.5,13.5,-0.22499999999999998,2.75,1.5,13.5,-0.22499999999999998,3.25,2.25,13.5,-0.22499999999999998,10.002,0.275,0.275,0.38,3.75,2.0,13.5,-0.22499999999999998,4.25,2.75,13.5,-0.22499999999999998,0.0,800,30,30,N/A,N/A,4.2,2.65,0.8,540,28.0,3,1,N/A,N/A,N/A,1.5,0.0,Madsen MG Low Weight
1.75,0.24,2.125,-0.085,2.5,0.56,2.125,-0.085,1.5,0.24,2.125,-0.085,2.25,0.56,2.125,-0.085,6.0,0.22000000000000003,0.22000000000000003,0.30400000000000005,2.0,0.24,2.125,-0.085,2.75,0.56,2.125,-0.085,2.0,Mauser792x57mm,12.0,540,N/A,3,28.0,25.0,21.0,21.0,21.0,21.0,21.0,21.0,21.0,21.0,1.1,11.0,12.0,35.0,35.0,35.0,35.0,35.0,35.0,35.0,35.0,0.0025,21.0,-5.0,-5.0,1.8,N/A,3.25,1.75,4.5,-0.18,3.75,2.5,4.5,-0.18,2.75,1.5,4.5,-0.18,3.25,2.25,4.5,-0.18,6.0,0.22000000000000003,0.22000000000000003,0.30400000000000005,3.75,2.0,4.5,-0.18,4.25,2.75,4.5,-0.18,0.0,800,30,30,N/A,N/A,4.2,2.65,0.8,540,28.0,3,1,N/A,N/A,N/A,1.5,0.0,Madsen MG Storm
1.75,0.24,2.125,-0.085,2.5,0.56,2.125,-0.085,1.5,0.24,2.125,-0.085,2.25,0.56,2.125,-0.085,6.0,0.275,0.275,0.38,2.0,0.24,2.125,-0.085,2.75,0.56,2.125,-0.085,2.0,Mauser792x57mm,12.0,540,N/A,3,28.0,25.0,21.0,21.0,21.0,21.0,21.0,21.0,21.0,21.0,1.1,11.0,12.0,35.0,35.0,35.0,35.0,35.0,35.0,35.0,35.0,0.0025,21.0,-5.0,-5.0,1.8,N/A,3.25,1.1672500000000001,4.5,-0.09,3.75,1.6675,4.5,-0.09,2.75,1.0005000000000002,4.5,-0.09,3.25,1.50075,4.5,-0.09,6.0,0.275,0.275,0.38,3.75,1.334,4.5,-0.09,4.25,1.8342500000000002,4.5,-0.09,0.0,800,30,30,N/A,N/A,4.2,2.65,0.8,540,28.0,3,1,N/A,N/A,N/A,1.5,0.0,Madsen MG Trench
1.2,0.18,6.0,0.2,1.2,0.5,6.0,0.2,1.2,0.18,6.0,0.2,1.2,0.5,6.0,0.2,5.0,0.8,0.8,4.0,1.2,0.18,6.0,0.2,1.2,0.5,6.0,0.2,2.0,85mm_Mars,12.0,199,N/A,8,40.0,34.73,33.34,26.05,25.0,23.0,23.0,23.0,23.0,23.0,0.6,14.0,21.0,22.0,27.0,28.0,30.06,30.06,30.06,30.06,30.06,0.0025,23.0,1.0,1.0,1.0,N/A,2.0,0.8,6.0,0.2,2.0,1.2,6.0,0.2,2.0,0.8,6.0,0.2,2.0,1.2,6.0,0.2,5.0,0.8,0.8,4.0,2.0,0.8,6.0,0.2,2.0,1.2,6.0,0.2,0.0,530,11,11,N/A,N/A,2.93,2.13,0.8,199,40.0,3,1,N/A,N/A,N/A,5.0,0.0,Mars Automatic Pistol
2.0,0.0,10.05,0.0,3.0,1.0,10.05,0.0,2.0,0.0,10.05,0.0,3.0,1.0,10.05,0.0,4.5,1.0,1.0,10.0,2.0,0.0,10.05,0.0,3.0,1.0,10.05,0.0,0.05,MartiniHenry577_450,12.0,25,N/A,4,90.0,90.0,112.0,112.0,100.0,70.0,70.0,70.0,70.0,70.0,0.9,0.0,20.0,42.0,68.0,80.0,140.0,140.0,140.0,140.0,140.0,0.0025,70.0,1.0,1.0,1.0,N/A,3.0,2.0,10.05,1.0,4.5,3.5,10.05,1.0,2.5,1.5,10.05,1.0,4.0,3.0,10.05,1.0,4.5,1.0,1.0,10.0,3.5,2.5,10.05,1.0,5.0,4.0,10.05,1.0,0.0,440,1,1,N/A,N/A,2.3,2.3,0.85,25,112.0,3,1,N/A,N/A,N/A,5.0,0.0,Martini-Henry Infantry
2.0,0.0,6.7,0.0,3.0,1.0,6.7,0.0,2.0,0.0,6.7,0.0,3.0,1.0,6.7,0.0,3.0,1.0,1.0,10.0,2.0,0.0,6.7,0.0,3.0,1.0,6.7,0.0,0.05,MartiniHenry577_450,12.0,25,N/A,4,90.0,90.0,112.0,112.0,100.0,70.0,70.0,70.0,70.0,70.0,0.9,0.0,20.0,42.0,68.0,80.0,140.0,140.0,140.0,140.0,140.0,0.0025,70.0,1.0,1.0,1.0,N/A,3.0,2.0,6.7,1.0,4.5,3.5,6.7,1.0,2.5,1.5,6.7,1.0,4.0,3.0,6.7,1.0,3.0,1.0,1.0,10.0,3.5,2.5,6.7,1.0,5.0,4.0,6.7,1.0,0.0,440,1,1,N/A,N/A,2.3,2.3,0.85,25,112.0,3,1,N/A,N/A,N/A,5.0,0.0,Martini-Henry Sniper
1.2,0.4,2.7,0.045,1.2,0.5,2.7,0.045,1.2,0.4,2.7,0.045,1.2,0.5,2.7,0.045,8.0,0.48,0.48,0.63,1.2,0.4,2.7,0.045,1.2,0.5,2.7,0.045,2.0,9x23mm_Steyr,12.0,900,N/A,2,26.5,25.0,20.84,20.0,17.37,16.67,15.0,15.0,15.0,15.0,0.5,11.0,12.0,21.0,22.0,29.0,30.0,37.0,37.0,37.0,37.0,0.0025,15.0,4.0,4.0,1.9,N/A,2.0,1.0,2.7,0.045,2.0,1.0,2.7,0.045,2.0,1.0,2.7,0.045,2.0,1.0,2.7,0.045,8.0,0.48,0.48,0.63,2.0,1.0,2.7,0.045,2.5,1.5,2.7,0.045,0.0,350,16,N/A,N/A,N/A,N/A,N/A,N/A,900,26.5,3,1,N/A,8,N/A,1.5,0.0,Maschinenpistole M1912
1.2,0.26680000000000004,5.4,0.045,1.2,0.5,5.4,0.045,1.2,0.26680000000000004,5.4,0.045,1.2,0.5,5.4,0.045,8.0,0.36,0.36,0.7875,1.2,0.26680000000000004,5.4,0.045,1.2,0.5,5.4,0.045,2.0,9x23mm_Steyr,12.0,1200,N/A,2,26.5,25.0,20.84,20.0,17.37,16.67,15.0,15.0,15.0,15.0,0.5,11.0,12.0,21.0,22.0,29.0,30.0,37.0,37.0,37.0,37.0,0.0025,15.0,4.0,4.0,1.583327,N/A,2.0,1.0,2.7,0.045,2.0,1.0,2.7,0.045,2.0,1.0,2.7,0.045,2.0,1.0,2.7,0.045,8.0,0.36,0.36,0.7875,2.0,1.0,2.7,0.045,2.5,1.5,2.7,0.045,0.0,350,16,N/A,N/A,N/A,N/A,N/A,N/A,450,26.5,2,1,N/A,8,N/A,1.5,0.0,Maschinenpistole M1912 Experimental
1.2,0.3,4.5,0.15,1.2,0.6,4.5,0.15,1.2,0.3,4.5,0.15,1.2,0.6,4.5,0.15,5.0,0.35,0.35,1.5,1.2,0.3,4.5,0.15,1.2,0.6,4.5,0.15,2.0,Mauser763x25mm_Pistol,12.0,299,0.26666668,8,28.0,26.05,25.0,20.84,20.0,17.37,16.67,15.0,15.0,15.0,0.5,13.66,15.0,16.0,21.0,22.0,27.0,28.0,32.76,32.76,32.76,0.0025,15.0,1.0,1.0,1.0,0.5166666799999999,2.0,0.8,4.5,0.15,2.0,1.2,4.5,0.15,2.0,0.8,4.5,0.15,2.0,1.2,4.5,0.15,5.0,0.35,0.35,1.5,2.0,0.8,4.5,0.15,2.0,1.2,4.5,0.15,0.0,440,10,10,0.8,0.5,N/A,N/A,N/A,299,28.0,3,1,0.25,10,1.4,1.5,0.0,Mauser C96
1.2,0.4,4.5,0.15,1.2,0.5,4.5,0.15,1.2,0.4,4.5,0.15,1.2,0.5,4.5,0.15,5.0,0.3,0.3,1.1,1.2,0.4,4.5,0.15,1.2,0.5,4.5,0.15,2.0,9x20mm_Browning_Long,12.0,359,N/A,8,30.0,26.05,25.0,20.84,20.0,17.37,16.67,14.89,14.29,13.5,0.45,12.29,15.0,16.0,21.0,22.0,27.0,28.0,33.0,34.0,37.33,0.0025,13.5,1.0,1.0,1.0,N/A,2.0,0.8,4.5,0.15,2.0,1.2,4.5,0.15,2.0,0.8,4.5,0.15,2.0,1.2,4.5,0.15,5.0,0.3,0.3,1.1,2.0,0.8,4.5,0.15,2.0,1.2,4.5,0.15,0.0,350,8,8,N/A,N/A,2.7,2.0,0.9,359,30.0,3,1,N/A,N/A,N/A,1.5,0.0,Mle M1903
2.0,0.0,24.0,1.6,2.0,0.4,24.0,1.6,2.0,0.0,24.0,1.6,2.0,0.4,24.0,1.6,4.5,1.0,1.0,11.0,2.0,0.0,24.0,1.6,2.0,0.4,24.0,1.6,2.0,12g_Buckshot_10A,12.0,78,0.0,2,12.5,6.25,6.25,6.25,6.25,6.25,6.25,6.25,6.25,6.25,0.65,14.0,21.0,21.0,21.0,21.0,21.0,21.0,21.0,21.0,21.0,0.007,6.25,1.0,1.0,1.0,-1.0,4.0,0.3,24.0,1.6,4.0,0.5,24.0,1.6,4.0,0.2,24.0,1.6,4.0,0.4,24.0,1.6,4.5,1.0,1.0,11.0,4.0,0.4,24.0,1.6,4.0,0.6,24.0,1.6,2.25,333,6,1,0.17,0.7,N/A,N/A,N/A,78,12.5,3,12,-1.0,1,0.5,1.0,2.25,Model 10-A Factory
2.0,0.0,6.0,1.6,2.0,0.4,6.0,1.6,2.0,0.0,6.0,1.6,2.0,0.4,6.0,1.6,3.0,1.0,1.0,11.0,2.0,0.0,6.0,1.6,2.0,0.4,6.0,1.6,2.0,12g_Buckshot_10A,12.0,78,0.0,2,12.5,6.25,6.25,6.25,6.25,6.25,6.25,6.25,6.25,6.25,0.65,14.0,21.0,21.0,21.0,21.0,21.0,21.0,21.0,21.0,21.0,0.007,6.25,1.0,1.0,1.0,-1.0,4.0,0.3,6.0,1.6,4.0,0.5,6.0,1.6,4.0,0.2,6.0,1.6,4.0,0.4,6.0,1.6,3.0,1.0,1.0,11.0,4.0,0.4,6.0,1.6,4.0,0.6,6.0,1.6,1.8,333,6,1,0.17,0.7,N/A,N/A,N/A,78,12.5,3,12,-1.0,1,0.5,1.0,1.8,Model 10-A Hunter
3.0,0.24,9.0,0.3,3.0,0.48,9.0,0.3,3.0,0.24,9.0,0.3,3.0,0.48,9.0,0.3,4.5,1.0,1.0,11.0,3.0,0.24,9.0,0.3,3.0,0.48,9.0,0.3,2.0,12g_Slug_Pump,12.0,78,0.0,2,112.0,100.0,45.0,45.0,45.0,45.0,45.0,45.0,45.0,45.0,0.65,8.0,11.0,60.0,60.0,60.0,60.0,60.0,60.0,60.0,60.0,0.002,45.0,1.0,1.0,1.0,-1.0,2.0,1.0,9.0,0.3,2.0,1.0,9.0,0.3,2.0,1.0,9.0,0.3,2.0,1.0,9.0,0.3,4.5,1.0,1.0,11.0,2.0,1.0,9.0,0.3,2.2,1.2,9.0,0.3,0.0,420,6,1,0.17,0.7,N/A,N/A,N/A,78,112.0,3,1,-1.0,1,0.5,5.0,0.0,Model 10-A Slug
2.0,0.0,18.0,0.3,2.0,0.4,18.0,0.3,2.0,0.0,18.0,0.3,2.0,0.4,18.0,0.3,9.0,2.0,2.0,8.0,2.0,0.0,18.0,0.3,2.0,0.4,18.0,0.3,2.0,12g_Buckshot_10A,12.0,299,N/A,2,12.5,6.25,6.25,6.25,6.25,6.25,6.25,6.25,6.25,6.25,0.65,14.0,21.0,21.0,21.0,21.0,21.0,21.0,21.0,21.0,21.0,0.007,6.25,1.0,1.0,1.0,N/A,4.0,0.3,18.0,0.3,4.0,0.5,18.0,0.3,4.0,0.2,18.0,0.3,4.0,0.4,18.0,0.3,9.0,2.0,2.0,8.0,4.0,0.4,18.0,0.3,4.0,0.6,18.0,0.3,2.25,333,2,2,N/A,N/A,2.4,3.2,0.8,299,12.5,2,12,N/A,N/A,N/A,1.0,2.25,Model 1900 Factory
3.0,0.24,9.0,0.3,3.0,0.48,9.0,0.3,3.0,0.24,9.0,0.3,3.0,0.48,9.0,0.3,9.0,2.0,2.0,8.0,3.0,0.24,9.0,0.3,3.0,0.48,9.0,0.3,2.0,12g_Slug_Pump,12.0,299,N/A,2,112.0,100.0,45.0,45.0,45.0,45.0,45.0,45.0,45.0,45.0,0.65,8.0,11.0,60.0,60.0,60.0,60.0,60.0,60.0,60.0,60.0,0.002,45.0,1.0,1.0,1.0,N/A,2.0,1.0,9.0,0.3,2.0,1.0,9.0,0.3,2.0,1.0,9.0,0.3,2.0,1.0,9.0,0.3,9.0,2.0,2.0,8.0,2.0,1.0,9.0,0.3,2.2,1.2,9.0,0.3,0.0,420,2,2,N/A,N/A,2.4,3.2,0.8,299,112.0,2,1,N/A,N/A,N/A,5.0,0.0,Model 1900 Slug
1.2,0.11249999999999999,3.75,0.0625,1.2,0.7875000000000001,3.0,0.0625,1.2,0.11249999999999999,3.75,0.0625,1.2,0.7875000000000001,3.0,0.0625,3.0,0.45,0.45,1.1,1.2,0.11249999999999999,3.75,0.0625,1.2,0.7875000000000001,3.0,0.0625,0.9,Mauser792x57mm_SemiHeavy,12.0,257,0.23333333,1,40.0,35.0,35.0,35.0,35.0,35.0,35.0,35.0,35.0,35.0,0.7,40.0,80.0,80.0,80.0,80.0,80.0,80.0,80.0,80.0,80.0,0.0025,35.0,1.0,1.0,1.0,0.79999999,3.0,2.0,3.0,0.1,3.5,2.5,3.0,0.1,2.5,1.5,3.0,0.1,3.0,2.0,3.0,0.1,3.0,0.45,0.45,1.1,3.5,2.5,3.0,0.1,4.0,3.0,3.0,0.1,0.0,800,10,5,0.5667,1.0,N/A,N/A,N/A,257,40.0,3,1,0.56666666,5,1.13333,3.0,0.0,Mondragon Optical
1.2,0.10005,3.0,0.1,1.2,1.05,3.0,0.1,1.2,0.10005,3.0,0.1,1.2,1.05,3.0,0.1,3.0,0.45,0.45,1.1,1.2,0.10005,3.0,0.1,1.2,1.05,3.0,0.1,0.9,Mauser792x57mm_SemiHeavy,12.0,257,0.23333333,1,40.0,35.0,35.0,35.0,35.0,35.0,35.0,35.0,35.0,35.0,0.7,40.0,80.0,80.0,80.0,80.0,80.0,80.0,80.0,80.0,80.0,0.0025,35.0,1.0,1.0,1.0,0.79999999,3.0,2.0,3.0,0.1,3.5,2.5,3.0,0.1,2.5,1.5,3.0,0.1,3.0,2.0,3.0,0.1,3.0,0.45,0.45,1.1,3.5,2.5,3.0,0.1,4.0,3.0,3.0,0.1,0.0,800,10,5,0.5667,1.0,N/A,N/A,N/A,257,40.0,3,1,0.56666666,5,1.13333,3.0,0.0,Mondragon Sniper
1.2,0.15,3.0,0.1,1.2,1.05,3.0,0.1,1.2,0.15,3.0,0.1,1.2,1.05,3.0,0.1,3.0,0.27,0.27,0.66,1.2,0.15,3.0,0.1,1.2,1.05,3.0,0.1,0.9,Mauser792x57mm_SemiHeavy,12.0,257,0.23333333,1,40.0,35.0,35.0,35.0,35.0,35.0,35.0,35.0,35.0,35.0,0.7,40.0,80.0,80.0,80.0,80.0,80.0,80.0,80.0,80.0,80.0,0.0025,35.0,1.0,1.0,1.0,0.79999999,3.0,2.0,3.0,0.1,3.5,2.5,3.0,0.1,2.5,1.5,3.0,0.1,3.0,2.0,3.0,0.1,3.0,0.27,0.27,0.66,3.5,2.5,3.0,0.1,4.0,3.0,3.0,0.1,0.0,800,10,5,0.5667,1.0,N/A,N/A,N/A,257,40.0,3,1,0.56666666,5,1.13333,3.0,0.0,Mondragon Storm
2.0,0.0,10.05,0.0,3.0,1.0,10.05,0.0,2.0,0.0,10.05,0.0,3.0,1.0,10.05,0.0,4.5,1.0,1.0,2.0,2.0,0.0,10.05,0.0,3.0,1.0,10.05,0.0,0.0,762x54mmR_Bolt,12.0,56,N/A,4,80.0,80.0,100.0,100.0,80.0,80.0,80.0,80.0,80.0,80.0,0.9,0.0,40.0,60.0,100.0,140.0,140.0,140.0,140.0,140.0,140.0,0.0025,80.0,1.0,1.0,1.0,N/A,3.0,2.0,10.05,1.0,4.5,3.5,10.05,1.0,2.5,1.5,10.05,1.0,4.0,3.0,10.05,1.0,4.5,1.0,1.0,5.0,3.5,2.5,10.05,1.0,5.0,4.0,10.05,1.0,0.0,820,5,N/A,N/A,N/A,N/A,N/A,N/A,56,100.0,3,1,N/A,2,N/A,5.0,0.0,Mosin-Nagant M91 Infantry
2.0,0.0,6.7,0.0,3.0,1.0,6.7,0.0,2.0,0.0,6.7,0.0,3.0,1.0,6.7,0.0,3.0,1.0,1.0,2.0,2.0,0.0,6.7,0.0,3.0,1.0,6.7,0.0,0.0,762x54mmR_Bolt,12.0,56,N/A,4,80.0,80.0,100.0,100.0,80.0,80.0,80.0,80.0,80.0,80.0,0.9,0.0,40.0,60.0,100.0,140.0,140.0,140.0,140.0,140.0,140.0,0.0025,80.0,1.0,1.0,1.0,N/A,3.0,2.0,6.7,1.0,4.5,3.5,6.7,1.0,2.5,1.5,6.7,1.0,4.0,3.0,6.7,1.0,3.0,1.0,1.0,5.0,3.5,2.5,6.7,1.0,5.0,4.0,6.7,1.0,0.0,820,5,N/A,N/A,N/A,N/A,N/A,N/A,56,100.0,3,1,N/A,2,N/A,5.0,0.0,Mosin-Nagant M91 Marksman
1.2,0.24,9.0,0.3,1.2,0.5,9.0,0.3,1.2,0.24,9.0,0.3,1.2,0.5,9.0,0.3,5.0,0.8,0.8,3.0,1.2,0.24,9.0,0.3,1.2,0.5,9.0,0.3,2.0,762x38mmR_Nagant,12.0,199,N/A,8,40.0,34.73,33.34,26.05,25.0,23.0,23.0,23.0,23.0,23.0,0.55,14.0,21.0,22.0,27.0,28.0,30.06,30.06,30.06,30.06,30.06,0.0025,23.0,1.0,1.0,1.0,N/A,2.0,0.8,9.0,0.3,2.0,1.2,9.0,0.3,2.0,0.8,9.0,0.3,2.0,1.2,9.0,0.3,5.0,0.8,0.8,3.0,2.0,0.8,9.0,0.3,2.0,1.2,9.0,0.3,0.0,335,7,N/A,N/A,N/A,N/A,N/A,N/A,199,40.0,1,1,N/A,8,N/A,1.5,0.0,Nagant Revolver
1.2,0.3,9.0,0.3,1.2,0.5,9.0,0.3,1.2,0.3,9.0,0.3,1.2,0.5,9.0,0.3,5.0,1.2,1.2,4.0,1.2,0.3,9.0,0.3,1.2,0.5,9.0,0.3,2.0,44_American,12.0,163,N/A,8,53.0,52.09,50.0,34.73,33.34,26.05,25.0,20.84,20.0,17.37,0.47,6.0,9.0,10.0,15.0,16.0,21.0,22.0,27.0,28.0,33.0,0.0025,13.5,1.0,1.0,1.0,N/A,2.0,0.8,9.0,0.3,2.0,1.2,9.0,0.3,2.0,0.8,9.0,0.3,2.0,1.2,9.0,0.3,5.0,1.2,1.2,4.0,2.0,0.8,9.0,0.3,2.0,1.2,9.0,0.3,0.0,210,6,6,N/A,N/A,2.3,2.3,0.94,163,53.0,1,1,N/A,N/A,N/A,1.5,0.0,No. 3 Revolver
1.2,0.4,9.0,0.3,1.2,0.5,9.0,0.3,1.2,0.4,9.0,0.3,1.2,0.5,9.0,0.3,5.0,0.8,0.8,7.0,1.2,0.4,9.0,0.3,1.2,0.5,9.0,0.3,2.0,762x54mmR_Pistol,12.0,38,N/A,8,100.0,66.67,55.56,50.0,45.0,45.0,45.0,45.0,45.0,45.0,0.6,10.0,25.0,30.0,32.0,35.0,35.0,35.0,35.0,35.0,35.0,0.0025,45.0,1.0,1.0,1.0,N/A,2.0,0.8,9.0,0.3,2.0,1.2,9.0,0.3,2.0,0.8,9.0,0.3,2.0,1.2,9.0,0.3,5.0,0.8,0.8,7.0,2.0,0.8,9.0,0.3,2.0,1.2,9.0,0.3,0.0,390,5,N/A,N/A,N/A,N/A,N/A,N/A,38,100.0,3,1,N/A,4,N/A,1.5,0.0,Obrez Pistol
1.2,0.3,4.5,0.15,1.2,0.5,4.5,0.15,1.2,0.3,4.5,0.15,1.2,0.5,4.5,0.15,4.0,0.4,0.4,1.4,1.2,0.3,4.5,0.15,1.2,0.5,4.5,0.15,2.0,9x19mm_Carbine,12.0,299,N/A,5,30.0,26.05,25.0,20.84,20.0,17.37,16.67,15.0,15.0,15.0,0.7,14.0,21.0,22.0,27.0,28.0,33.0,34.0,38.76,38.76,38.76,0.0025,15.0,1.0,1.0,1.0,N/A,3.0,1.0,4.5,0.15,3.0,1.5,4.5,0.15,3.0,1.0,4.5,0.15,3.0,1.5,4.5,0.15,4.0,0.4,0.4,1.4,3.0,1.5,4.5,0.15,3.0,2.0,4.5,0.15,0.0,370,33,33,N/A,N/A,2.6,1.7,0.8,299,30.0,3,1,N/A,N/A,N/A,1.5,0.0,P08 Artillery
1.2,0.4,4.5,0.15,1.2,0.5,4.5,0.15,1.2,0.4,4.5,0.15,1.2,0.5,4.5,0.15,5.0,0.5,0.5,1.5,1.2,0.4,4.5,0.15,1.2,0.5,4.5,0.15,2.0,9x19mm_Pistol,12.0,299,N/A,8,30.0,26.05,25.0,20.84,20.0,17.37,16.67,15.0,15.0,15.0,0.5,12.29,15.0,16.0,21.0,22.0,27.0,28.0,32.76,32.76,32.76,0.0025,15.0,1.0,1.0,1.0,N/A,2.0,0.8,4.5,0.15,2.0,1.2,4.5,0.15,2.0,0.8,4.5,0.15,2.0,1.2,4.5,0.15,5.0,0.5,0.5,1.5,2.0,0.8,4.5,0.15,2.0,1.2,4.5,0.15,0.0,350,9,9,N/A,N/A,2.05,1.35,0.8,299,30.0,3,1,N/A,N/A,N/A,1.5,0.0,P08 Pistol
2.75,0.18,7.6499999999999995,-0.09916666100000002,3.5,1.02,7.6499999999999995,-0.09916666100000002,2.5,0.18,7.6499999999999995,-0.09916666100000002,3.25,1.02,7.6499999999999995,-0.09916666100000002,10.002,0.8,0.8,0.38,3.0,0.18,7.6499999999999995,-0.09916666100000002,3.75,1.02,7.6499999999999995,-0.09916666100000002,2.0,Mauser792x57mm,12.0,700,N/A,3,28.0,25.0,21.0,21.0,21.0,21.0,21.0,21.0,21.0,21.0,1.3,11.0,12.0,35.0,35.0,35.0,35.0,35.0,35.0,35.0,35.0,0.0025,21.0,-5.99998,-5.99998,1.8,N/A,4.75,2.75,16.200000000000003,-0.209999988,5.25,3.5,16.200000000000003,-0.209999988,4.25,2.5,16.200000000000003,-0.209999988,4.75,3.25,16.200000000000003,-0.209999988,10.002,0.8,0.8,0.38,5.25,3.0,16.200000000000003,-0.209999988,5.75,3.75,16.200000000000003,-0.209999988,0.0,870,100,N/A,N/A,N/A,N/A,N/A,N/A,700,28.0,3,1,N/A,-1,N/A,1.5,0.0,Parabellum MG14 Low Weight
2.75,0.18,2.55,-0.085,3.5,1.02,2.55,-0.085,2.5,0.18,2.55,-0.085,3.25,1.02,2.55,-0.085,6.0,0.8,0.8,0.38,3.0,0.18,2.55,-0.085,3.75,1.02,2.55,-0.085,2.0,Mauser792x57mm,12.0,700,N/A,3,28.0,25.0,21.0,21.0,21.0,21.0,21.0,21.0,21.0,21.0,1.3,11.0,12.0,35.0,35.0,35.0,35.0,35.0,35.0,35.0,35.0,0.0025,21.0,-7.0,-7.0,1.8,N/A,4.75,2.75,5.4,-0.18,5.25,3.5,5.4,-0.18,4.25,2.5,5.4,-0.18,4.75,3.25,5.4,-0.18,6.0,0.8,0.8,0.38,5.25,3.0,5.4,-0.18,5.75,3.75,5.4,-0.18,0.0,870,100,N/A,N/A,N/A,N/A,N/A,N/A,700,28.0,3,1,N/A,-1,N/A,1.5,0.0,Parabellum MG14 Suppressive
2.75,0.18,2.975,-0.085,3.5,1.02,2.975,-0.085,2.5,0.18,2.975,-0.085,3.25,1.02,2.975,-0.085,6.0,0.15,0.15,0.2,3.0,0.18,2.975,-0.085,3.75,1.02,2.975,-0.085,2.0,Carcano65x52mm_Heavy,12.0,450,N/A,3,26.5,25.0,23.0,20.84,20.0,20.0,20.0,20.0,20.0,20.0,1.5,11.0,12.0,35.0,49.0,50.0,50.0,50.0,50.0,50.0,50.0,0.0025,20.0,-6.0,-6.0,1.25,N/A,4.75,2.75,6.3,-0.18,5.25,3.5,6.3,-0.18,4.25,2.5,6.3,-0.18,4.75,3.25,6.3,-0.18,6.0,0.15,0.15,0.2,5.25,3.0,6.3,-0.18,5.75,3.75,6.3,-0.18,0.0,700,120,N/A,N/A,N/A,N/A,N/A,N/A,450,26.5,3,1,N/A,20,N/A,1.5,0.0,Perino Model 1908 Defensive
2.75,0.18,8.925,-0.10200000000000001,3.5,1.02,8.925,-0.10200000000000001,2.5,0.18,8.925,-0.10200000000000001,3.25,1.02,8.925,-0.10200000000000001,10.002,0.15,0.15,0.2,3.0,0.18,8.925,-0.10200000000000001,3.75,1.02,8.925,-0.10200000000000001,2.0,Carcano65x52mm_Heavy,12.0,450,N/A,3,26.5,25.0,23.0,20.84,20.0,20.0,20.0,20.0,20.0,20.0,1.5,11.0,12.0,35.0,49.0,50.0,50.0,50.0,50.0,50.0,50.0,0.0025,20.0,-4.999998,-4.999998,1.25,N/A,4.75,2.75,18.9,-0.216,5.25,3.5,18.9,-0.216,4.25,2.5,18.9,-0.216,4.75,3.25,18.9,-0.216,10.002,0.15,0.15,0.2,5.25,3.0,18.9,-0.216,5.75,3.75,18.9,-0.216,0.0,700,120,N/A,N/A,N/A,N/A,N/A,N/A,450,26.5,3,1,N/A,20,N/A,1.5,0.0,Perino Model 1908 Low Weight
1.2,0.18,6.0,0.2,1.2,0.56,6.0,0.2,1.2,0.18,6.0,0.2,1.2,0.56,6.0,0.2,3.0,0.1,0.1,1.2,1.2,0.18,6.0,0.2,1.2,0.56,6.0,0.2,2.0,8mmPieper,12.0,224,N/A,5,40.0,21.0,21.0,21.0,21.0,21.0,21.0,21.0,21.0,21.0,0.7,13.0,40.0,40.0,40.0,40.0,40.0,40.0,40.0,40.0,40.0,0.0025,21.0,1.0,1.0,1.0,N/A,3.0,1.0,6.0,0.2,3.0,1.5,6.0,0.2,3.0,1.0,6.0,0.2,3.0,1.5,6.0,0.2,3.0,0.1,0.1,1.2,3.0,1.5,6.0,0.2,3.0,2.0,6.0,0.2,0.0,420,9,9,N/A,N/A,4.0,4.0,0.75,224,40.0,3,1,N/A,N/A,N/A,5.0,0.0,Pieper M1893
1.2,0.15,6.0,0.1,1.2,1.05,6.0,0.1,1.2,0.15,6.0,0.1,1.2,1.05,6.0,0.1,5.25,0.9,0.9,1.5,1.2,0.15,6.0,0.1,1.2,1.05,6.0,0.1,0.9,8mmLebel_Semi,12.0,179,N/A,1,53.0,52.084,50.0,38.0,38.0,38.0,38.0,38.0,38.0,38.0,0.9,66.0,69.0,70.0,89.0,89.0,89.0,89.0,89.0,89.0,89.0,0.0025,38.0,1.0,1.0,1.0,N/A,3.0,2.0,6.0,0.1,3.5,2.5,6.0,0.1,2.5,1.5,6.0,0.1,3.0,2.0,6.0,0.1,5.25,0.9,0.9,1.5,3.5,2.5,6.0,0.1,4.0,3.0,6.0,0.1,0.0,720,6,6,N/A,N/A,3.3,2.7,0.87,179,53.0,3,1,N/A,N/A,N/A,3.0,0.0,RSC 1917 Factory
1.2,0.11249999999999999,3.75,0.0625,1.2,0.7875000000000001,3.0,0.0625,1.2,0.11249999999999999,3.75,0.0625,1.2,0.7875000000000001,3.0,0.0625,3.0,0.9,0.9,1.5,1.2,0.11249999999999999,3.75,0.0625,1.2,0.7875000000000001,3.0,0.0625,0.9,8mmLebel_Semi,12.0,179,N/A,1,53.0,52.084,50.0,38.0,38.0,38.0,38.0,38.0,38.0,38.0,0.9,66.0,69.0,70.0,89.0,89.0,89.0,89.0,89.0,89.0,89.0,0.0025,38.0,1.0,1.0,1.0,N/A,3.0,2.0,3.0,0.1,3.5,2.5,3.0,0.1,2.5,1.5,3.0,0.1,3.0,2.0,3.0,0.1,3.0,0.9,0.9,1.5,3.5,2.5,3.0,0.1,4.0,3.0,3.0,0.1,0.0,720,6,6,N/A,N/A,3.3,2.7,0.87,179,53.0,3,1,N/A,N/A,N/A,3.0,0.0,RSC 1917 Optical
1.2,0.3,4.050000000000001,0.045,1.2,0.5,4.050000000000001,0.045,1.2,0.3,4.050000000000001,0.045,1.2,0.5,4.050000000000001,0.045,16.0,0.4,0.4,0.75,1.2,0.3,4.050000000000001,0.045,1.2,0.5,4.050000000000001,0.045,0.9,8mmLebel,12.0,449,N/A,2,38.0,34.73,33.34,26.05,25.0,21.5,21.5,21.5,21.5,21.5,0.7,10.0,11.0,12.0,29.0,30.0,47.0,47.0,47.0,47.0,47.0,0.0025,21.5,4.0,4.0,1.66666,N/A,2.0,1.0,4.050000000000001,0.045,2.0,1.0,4.050000000000001,0.045,2.0,1.0,4.050000000000001,0.045,2.0,1.0,4.050000000000001,0.045,16.0,0.4,0.4,0.75,2.0,1.0,4.050000000000001,0.045,2.5,1.5,4.050000000000001,0.045,0.0,570,9,9,N/A,N/A,3.9,3.7,0.75,449,38.0,3,1,N/A,N/A,N/A,1.5,0.0,RSC SMG Factory
1.2,0.22499999999999998,2.7,0.045,1.2,0.375,2.7,0.045,1.2,0.22499999999999998,2.7,0.045,1.2,0.375,2.7,0.045,8.0,0.4,0.4,0.75,1.2,0.22499999999999998,2.7,0.045,1.2,0.375,2.7,0.045,0.9,8mmLebel,12.0,449,N/A,2,38.0,34.73,33.34,26.05,25.0,21.5,21.5,21.5,21.5,21.5,0.7,10.0,11.0,12.0,29.0,30.0,47.0,47.0,47.0,47.0,47.0,0.0025,21.5,3.0,4.0,2.0,N/A,2.0,1.0,2.7,0.045,2.0,1.0,2.7,0.045,2.0,1.0,2.7,0.045,2.0,1.0,2.7,0.045,8.0,0.4,0.4,0.75,2.0,1.0,2.7,0.045,2.5,1.5,2.7,0.045,0.0,570,9,9,N/A,N/A,3.9,3.7,0.75,449,38.0,3,1,N/A,N/A,N/A,1.5,0.0,RSC SMG Optical
1.2,0.4,9.0,0.3,1.2,0.5,9.0,0.3,1.2,0.4,9.0,0.3,1.2,0.5,9.0,0.3,5.0,0.8,0.8,5.0,1.2,0.4,9.0,0.3,1.2,0.5,9.0,0.3,2.0,455WebleyMkII,12.0,199,N/A,8,53.0,52.09,50.0,34.73,33.34,26.05,25.0,20.84,20.0,17.37,0.56666666,6.0,9.0,10.0,15.0,16.0,21.0,22.0,27.0,28.0,33.0,0.0025,15.0,1.0,1.0,1.0,N/A,2.0,0.8,9.0,0.3,2.0,1.2,9.0,0.3,2.0,0.8,9.0,0.3,2.0,1.2,9.0,0.3,5.0,0.8,0.8,5.0,2.0,0.8,9.0,0.3,2.0,1.2,9.0,0.3,0.0,230,6,6,N/A,N/A,2.85,2.85,0.6,199,53.0,1,1,N/A,N/A,N/A,1.5,0.0,Revolver MkVI
1.2,0.24,4.050000000000001,0.045,1.2,0.76,4.050000000000001,0.045,1.2,0.24,4.050000000000001,0.045,1.2,0.76,4.050000000000001,0.045,16.0,0.33,0.33,0.504,1.2,0.24,4.050000000000001,0.045,1.2,0.76,4.050000000000001,0.045,2.0,8mmRibeyrolles,12.0,550,N/A,2,28.0,25.0,20.84,20.0,17.5,17.5,17.5,17.5,17.5,17.5,0.65,11.0,12.0,27.0,28.0,37.0,37.0,37.0,37.0,37.0,37.0,0.0025,17.5,3.0,3.0,1.083329,N/A,2.5,1.5,4.050000000000001,0.045,2.75,1.75,4.050000000000001,0.045,2.5,1.5,4.050000000000001,0.045,2.75,1.75,4.050000000000001,0.045,16.0,0.33,0.33,0.504,2.5,1.5,4.050000000000001,0.045,3.25,2.25,4.050000000000001,0.045,0.0,520,25,25,N/A,N/A,2.766,2.1,0.8,550,28.0,3,1,N/A,N/A,N/A,1.5,0.0,Ribeyrolles 1918 Factory
1.2,0.18,2.7,0.045,1.2,0.5700000000000001,2.7,0.045,1.2,0.18,2.7,0.045,1.2,0.5700000000000001,2.7,0.045,8.0,0.33,0.33,0.504,1.2,0.18,2.7,0.045,1.2,0.5700000000000001,2.7,0.045,2.0,8mmRibeyrolles,12.0,550,N/A,2,28.0,25.0,20.84,20.0,17.5,17.5,17.5,17.5,17.5,17.5,0.65,11.0,12.0,27.0,28.0,37.0,37.0,37.0,37.0,37.0,37.0,0.0025,17.5,2.0010000000000003,3.0,1.3,N/A,2.5,1.5,2.7,0.045,2.75,1.75,2.7,0.045,2.5,1.5,2.7,0.045,2.75,1.75,2.7,0.045,8.0,0.33,0.33,0.504,2.5,1.5,2.7,0.045,3.25,2.25,2.7,0.045,0.0,520,25,25,N/A,N/A,2.766,2.1,0.8,550,28.0,3,1,N/A,N/A,N/A,1.5,0.0,Ribeyrolles 1918 Optical
2.0,0.0,6.7,0.0,3.0,1.0,6.7,0.0,2.0,0.0,6.7,0.0,3.0,1.0,6.7,0.0,3.0,1.0,1.0,2.0,2.0,0.0,6.7,0.0,3.0,1.0,6.7,0.0,0.0,British303_Bolt,12.0,62,N/A,4,80.0,80.0,100.0,100.0,80.0,80.0,80.0,80.0,80.0,80.0,0.9,0.0,20.0,40.0,75.0,115.0,115.0,115.0,115.0,115.0,115.0,0.0025,80.0,1.0,1.0,1.0,N/A,3.0,2.0,6.7,1.0,4.5,3.5,6.7,1.0,2.5,1.5,6.7,1.0,4.0,3.0,6.7,1.0,3.0,1.0,1.0,5.0,3.5,2.5,6.7,1.0,5.0,4.0,6.7,1.0,0.0,740,5,N/A,N/A,N/A,N/A,N/A,N/A,62,100.0,3,1,N/A,5,N/A,5.0,0.0,Ross MkIII
2.0,0.0,10.05,0.0,3.0,1.0,10.05,0.0,2.0,0.0,10.05,0.0,3.0,1.0,10.05,0.0,4.5,1.0,1.0,2.0,2.0,0.0,10.05,0.0,3.0,1.0,10.05,0.0,0.0,British303_Bolt,12.0,62,N/A,4,80.0,80.0,100.0,100.0,80.0,80.0,80.0,80.0,80.0,80.0,0.9,0.0,20.0,40.0,75.0,115.0,115.0,115.0,115.0,115.0,115.0,0.0025,80.0,1.0,1.0,1.0,N/A,3.0,2.0,10.05,1.0,4.5,3.5,10.05,1.0,2.5,1.5,10.05,1.0,4.0,3.0,10.05,1.0,4.5,1.0,1.0,5.0,3.5,2.5,10.05,1.0,5.0,4.0,10.05,1.0,0.0,740,5,N/A,N/A,N/A,N/A,N/A,N/A,62,100.0,3,1,N/A,5,N/A,5.0,0.0,Ross MkIII Infantry
2.0,0.0,10.05,0.0,3.0,1.0,10.05,0.0,2.0,0.0,10.05,0.0,3.0,1.0,10.05,0.0,4.5,1.0,1.0,2.0,2.0,0.0,10.05,0.0,3.0,1.0,10.05,0.0,0.0,30-40_Horse,12.0,124,0.33333334,5,79.0,40.0,40.0,40.0,40.0,40.0,40.0,40.0,40.0,40.0,0.9,61.0,100.0,100.0,100.0,100.0,100.0,100.0,100.0,100.0,100.0,0.0025,40.0,1.0,1.0,1.0,0.8633333400000001,3.0,2.0,10.05,1.0,4.5,3.5,10.05,1.0,2.5,1.5,10.05,1.0,4.0,3.0,10.05,1.0,4.5,1.0,1.0,5.0,3.5,2.5,10.05,1.0,5.0,4.0,10.05,1.0,0.0,610,5,5,1.0,1.31,N/A,N/A,N/A,124,79.0,3,1,0.53,5,1.5666667,5.0,0.0,Russian 1895 Cavalry
2.0,0.0,10.05,0.0,3.0,1.0,10.05,0.0,2.0,0.0,10.05,0.0,3.0,1.0,10.05,0.0,4.5,1.0,1.0,2.0,2.0,0.0,10.05,0.0,3.0,1.0,10.05,0.0,0.0,762x54mmR_Bolt,12.0,56,0.33333334,4,80.0,80.0,100.0,100.0,80.0,80.0,80.0,80.0,80.0,80.0,0.9,0.0,40.0,60.0,100.0,140.0,140.0,140.0,140.0,140.0,140.0,0.0025,80.0,1.0,1.0,1.0,0.8633333400000001,3.0,2.0,10.05,1.0,4.5,3.5,10.05,1.0,2.5,1.5,10.05,1.0,4.0,3.0,10.05,1.0,4.5,1.0,1.0,5.0,3.5,2.5,10.05,1.0,5.0,4.0,10.05,1.0,0.0,820,5,5,1.0,1.31,N/A,N/A,N/A,56,100.0,3,1,0.53,5,1.5666667,5.0,0.0,Russian 1895 Infantry
2.0,0.0,6.7,0.0,3.0,1.0,6.7,0.0,2.0,0.0,6.7,0.0,3.0,1.0,6.7,0.0,3.0,1.0,1.0,2.0,2.0,0.0,6.7,0.0,3.0,1.0,6.7,0.0,0.0,762x54mmR_Bolt,12.0,56,0.33333334,4,80.0,80.0,100.0,100.0,80.0,80.0,80.0,80.0,80.0,80.0,0.9,0.0,40.0,60.0,100.0,140.0,140.0,140.0,140.0,140.0,140.0,0.0025,80.0,1.0,1.0,1.0,0.8633333400000001,3.0,2.0,6.7,1.0,4.5,3.5,6.7,1.0,2.5,1.5,6.7,1.0,4.0,3.0,6.7,1.0,3.0,1.0,1.0,5.0,3.5,2.5,6.7,1.0,5.0,4.0,6.7,1.0,0.0,820,5,5,1.0,1.31,N/A,N/A,N/A,56,100.0,3,1,0.53,5,1.5666667,5.0,0.0,Russian 1895 Sniper
2.0,0.0,10.05,0.0,3.0,1.0,10.05,0.0,2.0,0.0,10.05,0.0,3.0,1.0,10.05,0.0,3.0,1.0,1.0,2.0,2.0,0.0,10.05,0.0,3.0,1.0,10.05,0.0,0.0,30-40,12.0,124,0.3333333,4,79.0,40.0,40.0,40.0,40.0,40.0,40.0,40.0,40.0,40.0,0.9,41.0,80.0,80.0,80.0,80.0,80.0,80.0,80.0,80.0,80.0,0.0025,40.0,1.0,1.0,1.0,0.8633333000000001,3.0,1.334,10.05,1.0,4.5,2.3345000000000002,10.05,1.0,2.5,1.0005000000000002,10.05,1.0,4.0,2.0010000000000003,10.05,1.0,3.0,1.0,1.0,5.0,3.5,1.6675,10.05,1.0,5.0,2.668,10.05,1.0,0.0,580,5,5,1.0,1.31,N/A,N/A,N/A,124,79.0,3,1,0.53,5,1.5666667,5.0,0.0,Russian 1895 Trench
1.5,0.3,4.050000000000001,0.045,1.75,0.5,4.050000000000001,0.045,1.5,0.3,4.050000000000001,0.045,1.75,0.5,4.050000000000001,0.045,16.0,0.6,0.6,0.47,1.5,0.3,4.050000000000001,0.045,2.25,0.5,4.050000000000001,0.045,2.0,9x19mm_SMG,12.0,770,N/A,2,28.0,25.0,20.84,20.0,17.37,16.67,15.0,15.0,15.0,15.0,0.8,11.0,12.0,21.0,22.0,29.0,30.0,37.0,37.0,37.0,37.0,0.0025,15.0,5.0,5.0,2.3333239999999997,N/A,2.5,1.5,4.050000000000001,0.045,2.75,1.75,4.050000000000001,0.045,2.5,1.5,4.050000000000001,0.045,2.75,1.75,4.050000000000001,0.045,16.0,0.6,0.6,0.47,2.5,1.5,4.050000000000001,0.045,3.25,2.25,4.050000000000001,0.045,0.0,380,81,81,N/A,N/A,4.5,3.95,0.85,770,28.0,3,1,N/A,N/A,N/A,1.5,0.0,SMG 08-18 Factory
1.5,0.22499999999999998,2.7,0.045,1.75,0.375,2.7,0.045,1.5,0.22499999999999998,2.7,0.045,1.75,0.375,2.7,0.045,8.0,0.6,0.6,0.47,1.5,0.22499999999999998,2.7,0.045,2.25,0.375,2.7,0.045,2.0,9x19mm_SMG,12.0,770,N/A,2,28.0,25.0,20.84,20.0,17.37,16.67,15.0,15.0,15.0,15.0,0.8,11.0,12.0,21.0,22.0,29.0,30.0,37.0,37.0,37.0,37.0,0.0025,15.0,4.0,5.0,2.8,N/A,2.5,1.5,2.7,0.045,2.75,1.75,2.7,0.045,2.5,1.5,2.7,0.045,2.75,1.75,2.7,0.045,8.0,0.6,0.6,0.47,2.5,1.5,2.7,0.045,3.25,2.25,2.7,0.045,0.0,380,81,81,N/A,N/A,4.5,3.95,0.85,770,28.0,3,1,N/A,N/A,N/A,1.5,0.0,SMG 08-18 Optical
2.0,0.0,6.7,0.0,3.0,0.5,6.7,0.0,2.0,0.0,6.7,0.0,3.0,0.5,6.7,0.0,3.0,1.0,1.0,2.0,2.0,0.0,6.7,0.0,3.0,0.5,6.7,0.0,0.0,British303_Bolt,12.0,52,0.4,4,80.0,80.0,100.0,100.0,80.0,80.0,80.0,80.0,80.0,80.0,0.9,0.0,20.0,40.0,75.0,115.0,115.0,115.0,115.0,115.0,115.0,0.0025,80.0,1.0,1.0,1.0,0.9,3.0,1.334,6.7,1.0,4.5,2.3345000000000002,6.7,1.0,2.5,1.0005000000000002,6.7,1.0,4.0,2.0010000000000003,6.7,1.0,3.0,1.0,1.0,5.0,3.5,1.6675,6.7,1.0,5.0,2.668,6.7,1.0,0.0,740,10,5,0.6333,1.2333,N/A,N/A,N/A,52,100.0,3,1,0.5,5,1.7666667,5.0,0.0,SMLE MKIII Carbine
2.0,0.0,10.05,0.0,3.0,1.0,10.05,0.0,2.0,0.0,10.05,0.0,3.0,1.0,10.05,0.0,4.5,1.0,1.0,2.0,2.0,0.0,10.05,0.0,3.0,1.0,10.05,0.0,0.0,British303_Bolt,12.0,52,0.4,4,80.0,80.0,100.0,100.0,80.0,80.0,80.0,80.0,80.0,80.0,0.9,0.0,20.0,40.0,75.0,115.0,115.0,115.0,115.0,115.0,115.0,0.0025,80.0,1.0,1.0,1.0,0.9,3.0,2.0,10.05,1.0,4.5,3.5,10.05,1.0,2.5,1.5,10.05,1.0,4.0,3.0,10.05,1.0,4.5,1.0,1.0,5.0,3.5,2.5,10.05,1.0,5.0,4.0,10.05,1.0,0.0,740,10,5,0.6333,1.2333,N/A,N/A,N/A,52,100.0,3,1,0.5,5,1.7666667,5.0,0.0,SMLE MKIII Infantry
2.0,0.0,6.7,0.0,3.0,1.0,6.7,0.0,2.0,0.0,6.7,0.0,3.0,1.0,6.7,0.0,3.0,1.0,1.0,2.0,2.0,0.0,6.7,0.0,3.0,1.0,6.7,0.0,0.0,British303_Bolt,12.0,52,0.4,4,80.0,80.0,100.0,100.0,80.0,80.0,80.0,80.0,80.0,80.0,0.9,0.0,20.0,40.0,75.0,115.0,115.0,115.0,115.0,115.0,115.0,0.0025,80.0,1.0,1.0,1.0,0.9,3.0,2.0,6.7,1.0,4.5,3.5,6.7,1.0,2.5,1.5,6.7,1.0,4.0,3.0,6.7,1.0,3.0,1.0,1.0,5.0,3.5,2.5,6.7,1.0,5.0,4.0,6.7,1.0,0.0,740,10,5,0.6333,1.2333,N/A,N/A,N/A,52,100.0,3,1,0.5,5,1.7666667,5.0,0.0,SMLE MKIII Marksman
2.0,0.0,4.5,0.3,2.0,0.4,4.5,0.3,2.0,0.0,4.5,0.3,2.0,0.4,4.5,0.3,6.0,0.8,1.2,11.0,2.0,0.0,4.5,0.3,2.0,0.4,4.5,0.3,2.0,12g_Buckshot_10A,12.0,299,0.0,5,12.5,6.25,6.25,6.25,6.25,6.25,6.25,6.25,6.25,6.25,0.65,14.0,21.0,21.0,21.0,21.0,21.0,21.0,21.0,21.0,21.0,0.007,6.25,1.0,1.0,1.0,-1.0,2.0,0.3,4.5,0.3,2.0,0.5,4.5,0.3,2.0,0.2,4.5,0.3,2.0,0.4,4.5,0.3,6.0,0.8,1.2,11.0,2.0,0.4,4.5,0.3,2.0,0.6,4.5,0.3,2.7,333,2,1,0.0,0.0,N/A,N/A,N/A,299,12.5,2,12,-1.0,1,2.6666667,1.0,2.7,Sawed Off Shotgun
1.2,0.11249999999999999,3.75,0.0625,1.2,0.7875000000000001,3.0,0.0625,1.2,0.11249999999999999,3.75,0.0625,1.2,0.7875000000000001,3.0,0.0625,3.0,0.1,0.1,0.95,1.2,0.11249999999999999,3.75,0.0625,1.2,0.7875000000000001,3.0,0.0625,0.9,Mauser792x57mm_SemiHeavy,12.0,299,0.33,1,40.0,35.0,35.0,35.0,35.0,35.0,35.0,35.0,35.0,35.0,0.7,40.0,80.0,80.0,80.0,80.0,80.0,80.0,80.0,80.0,80.0,0.0025,35.0,1.0,1.0,1.0,0.78,3.0,2.0,3.0,0.1,3.5,2.5,3.0,0.1,2.5,1.5,3.0,0.1,3.0,2.0,3.0,0.1,3.0,0.1,0.1,0.95,3.5,2.5,3.0,0.1,4.0,3.0,3.0,0.1,0.0,800,5,5,1.0667,1.3,N/A,N/A,N/A,299,40.0,3,1,0.45,5,0.7,3.0,0.0,Selbstlader 1906 Factory
1.2,0.10005,3.0,0.1,1.2,1.05,3.0,0.1,1.2,0.10005,3.0,0.1,1.2,1.05,3.0,0.1,3.0,0.1,0.1,0.95,1.2,0.10005,3.0,0.1,1.2,1.05,3.0,0.1,0.9,Mauser792x57mm_SemiHeavy,12.0,299,0.33,1,40.0,35.0,35.0,35.0,35.0,35.0,35.0,35.0,35.0,35.0,0.7,40.0,80.0,80.0,80.0,80.0,80.0,80.0,80.0,80.0,80.0,0.0025,35.0,1.0,1.0,1.0,0.78,3.0,2.0,3.0,0.1,3.5,2.5,3.0,0.1,2.5,1.5,3.0,0.1,3.0,2.0,3.0,0.1,3.0,0.1,0.1,0.95,3.5,2.5,3.0,0.1,4.0,3.0,3.0,0.1,0.0,800,5,5,1.0667,1.3,N/A,N/A,N/A,299,40.0,3,1,0.45,5,0.7,3.0,0.0,Selbstlader 1906 Sniper
1.2,0.15,6.0,0.1,1.2,1.05,6.0,0.1,1.2,0.15,6.0,0.1,1.2,1.05,6.0,0.1,5.25,0.53,0.53,1.1,1.2,0.15,6.0,0.1,1.2,1.05,6.0,0.1,0.9,Mauser792x57mm_SemiHeavy,12.0,224,N/A,1,40.0,35.0,35.0,35.0,35.0,35.0,35.0,35.0,35.0,35.0,0.7,40.0,80.0,80.0,80.0,80.0,80.0,80.0,80.0,80.0,80.0,0.0025,35.0,1.0,1.0,1.0,N/A,3.0,2.0,6.0,0.1,3.5,2.5,6.0,0.1,2.5,1.5,6.0,0.1,3.0,2.0,6.0,0.1,5.25,0.53,0.53,1.1,3.5,2.5,6.0,0.1,4.0,3.0,6.0,0.1,0.0,800,26,26,N/A,N/A,3.47,2.37,0.9,224,40.0,3,1,N/A,N/A,N/A,3.0,0.0,Selbstlader M1916 Factory
1.2,0.10005,3.75,0.0625,1.2,1.05,3.0,0.0625,1.2,0.10005,3.75,0.0625,1.2,1.05,3.0,0.0625,3.0,0.53,0.53,1.1,1.2,0.10005,3.75,0.0625,1.2,1.05,3.0,0.0625,0.9,Mauser792x57mm_SemiHeavy,12.0,224,N/A,1,40.0,35.0,35.0,35.0,35.0,35.0,35.0,35.0,35.0,35.0,0.7,40.0,80.0,80.0,80.0,80.0,80.0,80.0,80.0,80.0,80.0,0.0025,35.0,1.0,1.0,1.0,N/A,3.0,2.0,3.0,0.1,3.5,2.5,3.0,0.1,2.5,1.5,3.0,0.1,3.0,2.0,3.0,0.1,3.0,0.53,0.53,1.1,3.5,2.5,3.0,0.1,4.0,3.0,3.0,0.1,0.0,800,26,26,N/A,N/A,3.47,2.37,0.9,224,40.0,3,1,N/A,N/A,N/A,3.0,0.0,Selbstlader M1916 Marksman
1.2,0.11249999999999999,3.75,0.0625,1.2,0.7875000000000001,3.0,0.0625,1.2,0.11249999999999999,3.75,0.0625,1.2,0.7875000000000001,3.0,0.0625,3.0,0.53,0.53,1.1,1.2,0.11249999999999999,3.75,0.0625,1.2,0.7875000000000001,3.0,0.0625,0.9,Mauser792x57mm_SemiHeavy,12.0,224,N/A,1,40.0,35.0,35.0,35.0,35.0,35.0,35.0,35.0,35.0,35.0,0.7,40.0,80.0,80.0,80.0,80.0,80.0,80.0,80.0,80.0,80.0,0.0025,35.0,1.0,1.0,1.0,N/A,3.0,2.0,3.0,0.1,3.5,2.5,3.0,0.1,2.5,1.5,3.0,0.1,3.0,2.0,3.0,0.1,3.0,0.53,0.53,1.1,3.5,2.5,3.0,0.1,4.0,3.0,3.0,0.1,0.0,800,26,26,N/A,N/A,3.47,2.37,0.9,224,40.0,3,1,N/A,N/A,N/A,3.0,0.0,Selbstlader M1916 Optical
2.0,0.0,9.0,0.3,2.0,0.4,9.0,0.3,2.0,0.0,9.0,0.3,2.0,0.4,9.0,0.3,4.5,0.5,0.5,6.0,2.0,0.0,9.0,0.3,2.0,0.4,9.0,0.3,2.0,12g_Buckshot_Sjogren,12.0,163,0.0,2,9.1,4.55,4.55,4.55,4.55,4.55,4.55,4.55,4.55,4.55,0.65,14.0,21.0,21.0,21.0,21.0,21.0,21.0,21.0,21.0,21.0,0.007,4.55,1.0,1.0,1.0,-1.0,2.0,0.3,9.0,0.3,2.0,0.5,9.0,0.3,2.0,0.2,9.0,0.3,2.0,0.4,9.0,0.3,4.5,0.5,0.5,6.0,2.0,0.4,9.0,0.3,2.0,0.6,9.0,0.3,1.6,333,5,1,0.15,0.8,N/A,N/A,N/A,163,9.1,3,12,-1.0,1,0.53333336,1.0,1.6,Sjgren Inertial Factory
3.0,0.24,9.0,0.3,3.0,0.48,9.0,0.3,3.0,0.24,9.0,0.3,3.0,0.48,9.0,0.3,4.5,0.5,0.5,6.0,3.0,0.24,9.0,0.3,3.0,0.48,9.0,0.3,2.0,12g_Slug_Semi,12.0,163,0.0,2,75.0,34.0,34.0,34.0,34.0,34.0,34.0,34.0,34.0,34.0,0.65,23.5,60.0,60.0,60.0,60.0,60.0,60.0,60.0,60.0,60.0,0.002,34.0,1.0,1.0,1.0,-1.0,2.0,1.0,9.0,0.3,2.0,1.0,9.0,0.3,2.0,1.0,9.0,0.3,2.0,1.0,9.0,0.3,4.5,0.5,0.5,6.0,2.0,1.0,9.0,0.3,2.2,1.2,9.0,0.3,0.0,420,5,1,0.15,0.8,N/A,N/A,N/A,163,75.0,3,1,-1.0,1,0.53333336,5.0,0.0,Sjgren Inertial Slug
1.2,0.3,4.5,0.15,1.2,0.6,4.5,0.15,1.2,0.3,4.5,0.15,1.2,0.6,4.5,0.15,5.0,0.25,0.25,1.5,1.2,0.3,4.5,0.15,1.2,0.6,4.5,0.15,2.0,9x23mm_Pistol,12.0,359,0.0,8,30.0,26.05,25.0,20.84,20.0,17.37,16.67,15.0,15.0,15.0,0.45,12.29,15.0,16.0,21.0,22.0,27.0,28.0,32.76,32.76,32.76,0.0025,15.0,1.0,1.0,1.0,4.75,2.0,0.8,4.5,0.15,2.0,1.2,4.5,0.15,2.0,0.8,4.5,0.15,2.0,1.2,4.5,0.15,5.0,0.25,0.25,1.5,2.0,0.8,4.5,0.15,2.0,1.2,4.5,0.15,0.0,350,8,8,0.0,0.0,N/A,N/A,N/A,359,30.0,3,1,4.75,8,2.6,1.5,0.0,Steyr M1912
1.2,0.4,4.5,0.15,1.2,0.4,4.5,0.15,1.2,0.4,4.5,0.15,1.2,0.4,4.5,0.15,5.0,0.4,0.4,1.0,1.2,0.4,4.5,0.15,1.2,0.4,4.5,0.15,2.0,32ACP_Pistol,12.0,449,N/A,8,26.5,26.05,25.0,20.84,20.0,17.37,16.67,14.89,14.29,13.5,0.5,6.0,9.0,10.0,15.0,16.0,21.0,22.0,27.0,28.0,31.33,0.0025,13.5,1.0,1.0,1.0,N/A,2.0,0.8,4.5,0.15,2.0,1.2,4.5,0.15,2.0,0.8,4.5,0.15,2.0,1.2,4.5,0.15,5.0,0.4,0.4,1.0,2.0,0.8,4.5,0.15,2.0,1.2,4.5,0.15,0.0,320,9,9,N/A,N/A,1.4,1.25,0.8,449,26.5,3,1,N/A,N/A,N/A,1.5,0.0,Taschenpistole M1914
2.0,0.0,10.05,0.0,3.0,1.0,10.05,0.0,2.0,0.0,10.05,0.0,3.0,1.0,10.05,0.0,4.5,1.0,1.0,2.0,2.0,0.0,10.05,0.0,3.0,1.0,10.05,0.0,3.2,65_Arisaka_Bolt,12.0,57,N/A,4,80.0,80.0,100.0,100.0,80.0,80.0,80.0,80.0,80.0,80.0,0.9,0.0,10.0,30.0,62.5,102.5,102.5,102.5,102.5,102.5,102.5,0.002,80.0,1.0,1.0,1.0,N/A,3.0,2.0,10.05,1.0,4.5,3.5,10.05,1.0,2.5,1.5,10.05,1.0,4.0,3.0,10.05,1.0,4.5,1.0,1.0,5.0,3.5,2.5,10.05,1.0,5.0,4.0,10.05,1.0,0.0,770,5,N/A,N/A,N/A,N/A,N/A,N/A,57,100.0,3,1,N/A,5,N/A,5.0,0.0,Type 38 Arisaka
2.0,0.0,6.7,0.0,3.0,0.5,6.7,0.0,2.0,0.0,6.7,0.0,3.0,0.5,6.7,0.0,3.0,1.0,1.0,2.0,2.0,0.0,6.7,0.0,3.0,0.5,6.7,0.0,3.2,65_Arisaka_Bolt,12.0,57,N/A,4,80.0,80.0,100.0,100.0,80.0,80.0,80.0,80.0,80.0,80.0,0.9,0.0,10.0,30.0,62.5,102.5,102.5,102.5,102.5,102.5,102.5,0.002,80.0,1.0,1.0,1.0,N/A,3.0,2.0,6.7,1.0,4.5,3.5,6.7,1.0,2.5,1.5,6.7,1.0,4.0,3.0,6.7,1.0,3.0,1.0,1.0,5.0,3.5,2.5,6.7,1.0,5.0,4.0,6.7,1.0,0.0,770,5,N/A,N/A,N/A,N/A,N/A,N/A,57,100.0,3,1,N/A,5,N/A,5.0,0.0,Type 38 Arisaka Patrol
2.0,0.0,6.7,0.0,3.0,0.5,6.7,0.0,2.0,0.0,6.7,0.0,3.0,0.5,6.7,0.0,3.0,1.0,1.0,2.0,2.0,0.0,6.7,0.0,3.0,0.5,6.7,0.0,0.0,104x47mm_Bolt,12.0,46,N/A,4,90.0,90.0,100.0,100.0,70.0,70.0,70.0,70.0,70.0,70.0,0.9,0.0,10.0,20.0,50.0,110.0,110.0,110.0,110.0,110.0,110.0,0.0025,70.0,1.0,1.0,1.0,N/A,3.0,1.334,6.7,1.0,4.5,2.3345000000000002,6.7,1.0,2.5,1.0005000000000002,6.7,1.0,4.0,2.0010000000000003,6.7,1.0,3.0,1.0,1.0,5.0,3.5,1.6675,6.7,1.0,5.0,2.668,6.7,1.0,0.0,440,4,N/A,N/A,N/A,N/A,N/A,N/A,46,100.0,3,1,N/A,4,N/A,5.0,0.0,Vetterli-Vitali M1870 Carbine
2.0,0.0,10.05,0.0,3.0,1.0,10.05,0.0,2.0,0.0,10.05,0.0,3.0,1.0,10.05,0.0,4.5,1.0,1.0,2.0,2.0,0.0,10.05,0.0,3.0,1.0,10.05,0.0,0.0,104x47mm_Bolt,12.0,46,N/A,4,90.0,90.0,100.0,100.0,70.0,70.0,70.0,70.0,70.0,70.0,0.9,0.0,10.0,20.0,50.0,110.0,110.0,110.0,110.0,110.0,110.0,0.0025,70.0,1.0,1.0,1.0,N/A,3.0,2.0,10.05,1.0,4.5,3.5,10.05,1.0,2.5,1.5,10.05,1.0,4.0,3.0,10.05,1.0,4.5,1.0,1.0,5.0,3.5,2.5,10.05,1.0,5.0,4.0,10.05,1.0,0.0,440,4,N/A,N/A,N/A,N/A,N/A,N/A,46,100.0,3,1,N/A,4,N/A,5.0,0.0,Vetterli-Vitali M1870 Infantry
